Zin,matched_transcriptions,matched_m_transcriptions,selected_m_file,selected_m_transcription,Welke video goeie als er meerdere video's zijn?,Overnieuw,Warning
Doe je je jas aan?,"[{'m_file': 'M20240828_0033.wav', 'm_transcription': '1'}]",['1'],,,,Y,
Doe je schoenen aan.,[],[],,,,Y,No matched transcriptions found.
Ga maar even staan.,"[{'m_file': 'M20240828_0043.wav', 'm_transcription': '9'}]",['9'],M20240828_0043.wav,9,V1 en V2,,Not enough matched transcriptions for preference V2.
"het gaat regenen vandaag, dus je moet lange mouwen aan.","[{'m_file': 'M20240828_0064.wav', 'm_transcription': '12'}]",['12'],,,,Y,
"je moet sokken aan, want je krijgt dichte schoenen aan.","[{'m_file': 'M20240828_0072.wav', 'm_transcription': '16'}]",['16'],,,V3,,Not enough matched transcriptions for preference V3.
"je moet toch een lange broek aan, want het wordt fris vandaag.","[{'m_file': 'M20240828_0074.wav', 'm_transcription': '17'}]",['17'],,,,Y,
"Kom maar, gaan we aankleden?",[],[],,,,Y,No matched transcriptions found.
"Kom, dan doen we nog even wat gel in je haar.","[{'m_file': 'M20240828_0076.wav', 'm_transcription': '20'}, {'m_file': 'M20240828_0077.wav', 'm_transcription': '20'}]","['20', '20']",M20240828_0077.wav,20,V2,,
"Kom, dan zetten we je pet op.","[{'m_file': 'M20240828_0080.wav', 'm_transcription': '21'}]",['21'],,,V3,,Not enough matched transcriptions for preference V3.
"Nee, het is koud buiten, dus we moeten wel een jas aan.","[{'m_file': 'M20241106_5887.wav', 'm_transcription': '534'}, {'m_file': 'M20241106_5889.wav', 'm_transcription': '534'}, {'m_file': 'M20241106_5890.wav', 'm_transcription': '534'}]","['534', '534', '534']",M20241106_5890.wav,534,V3,,
we doen nu even je romper uit.,"[{'m_file': 'M20240925_1818.wav', 'm_transcription': '546'}, {'m_file': 'M20240925_1819.wav', 'm_transcription': '546'}, {'m_file': 'M20240925_1820.wav', 'm_transcription': '546'}]","['546', '546', '546']",M20240925_1819.wav,546,V2,,
We gaan de schoenen aandoen en dan gaan we naar school toe.,"[{'m_file': 'M20240925_1821.wav', 'm_transcription': '547'}, {'m_file': 'M20240925_1822.wav', 'm_transcription': '547'}]","['547', '547']",M20240925_1822.wav,547,V2,,
We gaan even je onderbroek uitzoeken.,"[{'m_file': 'M20240925_1823.wav', 'm_transcription': '548'}, {'m_file': 'M20240925_1824.wav', 'm_transcription': '548'}]","['548', '548']",M20240925_1824.wav,548,V2,,
Wil je een T-shirt aan of een shirt met lange mouwen?,"[{'m_file': 'M20240925_1829.wav', 'm_transcription': '553'}, {'m_file': 'M20240925_1830.wav', 'm_transcription': '553'}]","['553', '553']","M20240925_1829.wav, M20240925_1830.wav","553, 553",V1 en V2,,
Wil je nog meer kleding aan?,"[{'m_file': 'M20240925_1831.wav', 'm_transcription': '554'}, {'m_file': 'M20240925_1832.wav', 'm_transcription': '554'}, {'m_file': 'M20240925_1833.wav', 'm_transcription': '554'}]","['554', '554', '554']",M20240925_1833.wav,554,V3,,
wil je schoenen aan of sandalen?,"[{'m_file': 'M20240925_1834.wav', 'm_transcription': '555'}, {'m_file': 'M20240925_1835.wav', 'm_transcription': '555'}]","['555', '555']",M20240925_1835.wav,555,V2,,
zullen we wat gel in je haar doen?,"[{'m_file': 'M20240925_1836.wav', 'm_transcription': '556'}, {'m_file': 'M20240925_1837.wav', 'm_transcription': '556'}]","['556', '556']",M20240925_1837.wav,556,V2,,
"Ja, zullen wij dit boekje even lezen?","[{'m_file': 'M20240828_0082.wav', 'm_transcription': '26'}, {'m_file': 'M20240828_0083.wav', 'm_transcription': '26'}, {'m_file': 'M20240828_0084.wav', 'm_transcription': '26'}]","['26', '26', '26']",M20240828_0084.wav,26,V3,,
Wil je De hut van Haasje of wil je Jip en Janneke?,"[{'m_file': 'M20241106_5905.wav', 'm_transcription': '559'}, {'m_file': 'M20241106_5906.wav', 'm_transcription': '559'}]","['559', '559']",M20241106_5906.wav,559,V2,,
Wil je zelf een boekje lezen?,"[{'m_file': 'M20240925_1839.wav', 'm_transcription': '560'}, {'m_file': 'M20240925_1840.wav', 'm_transcription': '560'}, {'m_file': 'M20240925_1841.wav', 'm_transcription': '560'}]","['560', '560', '560']",M20240925_1841.wav,560,V3,,
Dat hebben we niet nodig.,"[{'m_file': 'M20240925_1843.wav', 'm_transcription': '562'}, {'m_file': 'M20240925_1844.wav', 'm_transcription': '562'}]","['562', '562']",M20240925_1844.wav,562,V2,,
Dat staat niet op de (boodschappen)lijst.,[],[],,,,Y,"No sentence ID found for Zin Array: '[""dat"",""staat"",""niet"",""op"",""de"",""(boodschappen)lijst.""]'."
Ga je straks mee boodschappen doen met papa of wil je dat met mama doen?,"[{'m_file': 'M20240828_0053.wav', 'm_transcription': '31'}, {'m_file': 'M20240828_0054.wav', 'm_transcription': '31'}]","['31', '31']",M20240828_0053.wav,31,V1,,
Je kan niet alles hebben.,"[{'m_file': 'M20240828_0055.wav', 'm_transcription': '32'}, {'m_file': 'M20240828_0056.wav', 'm_transcription': '32'}]","['32', '32']",M20240828_0056.wav,32,V2,,
Papa gaat nu even de kaas pakken.,[],[],,,V2,,No matched transcriptions found.; Not enough matched transcriptions for preference V2.
Pak jij het boodschappenkarretje?,"[{'m_file': 'M20240828_0093.wav', 'm_transcription': '44'}, {'m_file': 'M20240828_0094.wav', 'm_transcription': '44'}, {'m_file': 'M20240828_0095.wav', 'm_transcription': '44'}, {'m_file': 'M20240828_0096.wav', 'm_transcription': '44'}, {'m_file': 'M20240828_0097.wav', 'm_transcription': '44'}]","['44', '44', '44', '44', '44']",M20240828_0097.wav,44,V5,,
vraag maar om zegeltjes aan de kassamevrouw.,"[{'m_file': 'M20240828_0098.wav', 'm_transcription': '45'}, {'m_file': 'M20240828_0099.wav', 'm_transcription': '45'}, {'m_file': 'M20240828_0100.wav', 'm_transcription': '45'}]","['45', '45', '45']",M20240828_0100.wav,45,V3,,
Wat voor toetje zullen we kopen?,"[{'m_file': 'M20240828_0102.wav', 'm_transcription': '47'}, {'m_file': 'M20240828_0103.wav', 'm_transcription': '47'}]","['47', '47']",M20240828_0103.wav,47,V2,,
Wat wil je morgen eten?,"[{'m_file': 'M20240828_0104.wav', 'm_transcription': '48'}, {'m_file': 'M20240828_0105.wav', 'm_transcription': '48'}, {'m_file': 'M20240828_0106.wav', 'm_transcription': '48'}, {'m_file': 'M20240828_0107.wav', 'm_transcription': '48'}, {'m_file': 'M20240828_0108.wav', 'm_transcription': '48'}]","['48', '48', '48', '48', '48']",M20240828_0108.wav,48,V5,,
We doen de boodschappen in de tas.,"[{'m_file': 'M20240828_0109.wav', 'm_transcription': '49'}, {'m_file': 'M20240828_0110.wav', 'm_transcription': '49'}]","['49', '49']",,,,Y,
we gaan de kar/boodschappenwagen weer terugzetten.,"[{'m_file': 'M20240828_0111.wav', 'm_transcription': '50'}, {'m_file': 'M20240828_0112.wav', 'm_transcription': '50'}, {'m_file': 'M20240828_0113.wav', 'm_transcription': '50'}]","['50', '50', '50']",M20240828_0113.wav,50,V3,,
we gaan naar de winkel,"[{'m_file': 'M20241106_5907.wav', 'm_transcription': '565'}, {'m_file': 'M20241106_5908.wav', 'm_transcription': '565'}]","['565', '565']",M20241106_5908.wav,565,V2,,
We moeten alleen nog paprika hebben.,"[{'m_file': 'M20241106_5911.wav', 'm_transcription': '568'}, {'m_file': 'M20241106_5912.wav', 'm_transcription': '568'}]","['568', '568']","M20241106_5911.wav, M20241106_5912.wav","568, 568",V1 en V2,,
Wil je nog iets kopen voor op brood?,"[{'m_file': 'M20240925_1845.wav', 'm_transcription': '572'}, {'m_file': 'M20240925_1846.wav', 'm_transcription': '572'}]","['572', '572']",M20240925_1846.wav,572,V2,,
Wil je nog iets speciaals kopen bij de supermarkt?,"[{'m_file': 'M20240925_1847.wav', 'm_transcription': '573'}, {'m_file': 'M20240925_1848.wav', 'm_transcription': '573'}, {'m_file': 'M20240925_1849.wav', 'm_transcription': '573'}, {'m_file': 'M20240925_1850.wav', 'm_transcription': '573'}]","['573', '573', '573', '573']","M20240925_1849.wav, M20240925_1850.wav","573, 573",V3 en V4,,
Wil jij de boodschappen scannen?,"[{'m_file': 'M20240925_1851.wav', 'm_transcription': '574'}, {'m_file': 'M20240925_1852.wav', 'm_transcription': '574'}, {'m_file': 'M20240925_1853.wav', 'm_transcription': '574'}]","['574', '574', '574']","M20240925_1852.wav, M20240925_1853.wav","574, 574",V2 en V3,,
Zet de boodschappenkar maar terug.,"[{'m_file': 'M20240925_1854.wav', 'm_transcription': '575'}, {'m_file': 'M20240925_1855.wav', 'm_transcription': '575'}, {'m_file': 'M20240925_1856.wav', 'm_transcription': '575'}]","['575', '575', '575']",M20240925_1856.wav,575,V3 en V4,,Not enough matched transcriptions for preference V4.
Daar zijn mooie bloemen.,"[{'m_file': 'M20240828_0115.wav', 'm_transcription': '51'}, {'m_file': 'M20240828_0116.wav', 'm_transcription': '51'}, {'m_file': 'M20240828_0117.wav', 'm_transcription': '51'}]","['51', '51', '51']",M20240828_0116.wav,51,V2,,
We kunnen tomaten plukken.,"[{'m_file': 'M20241106_5917.wav', 'm_transcription': '578'}, {'m_file': 'M20241106_5916.wav', 'm_transcription': '578'}]","['578', '578']",M20241106_5917.wav,578,V1,,
wat goed dat je even wacht tot je mond leeg is.,"[{'m_file': 'M20240925_1860.wav', 'm_transcription': '594'}, {'m_file': 'M20240925_1861.wav', 'm_transcription': '594'}, {'m_file': 'M20240925_1862.wav', 'm_transcription': '594'}, {'m_file': 'M20240925_1863.wav', 'm_transcription': '594'}]","['594', '594', '594', '594']",M20240925_1863.wav,594,V4,,
Wat goed dat je zo rustig blijft zitten.,"[{'m_file': 'M20240925_1865.wav', 'm_transcription': '596'}, {'m_file': 'M20240925_1866.wav', 'm_transcription': '596'}, {'m_file': 'M20240925_1867.wav', 'm_transcription': '596'}, {'m_file': 'M20240925_1868.wav', 'm_transcription': '596'}]","['596', '596', '596', '596']",M20240925_1868.wav,596,V4,,
wat lief dat je ook aan de anderen denkt.,"[{'m_file': 'M20240925_1870.wav', 'm_transcription': '598'}, {'m_file': 'M20240925_1871.wav', 'm_transcription': '598'}, {'m_file': 'M20240925_1872.wav', 'm_transcription': '598'}]","['598', '598', '598']",M20240925_1872.wav,598,V3,,
Wat zeg je dat goed.,"[{'m_file': 'M20240925_1875.wav', 'm_transcription': '601'}, {'m_file': 'M20240925_1876.wav', 'm_transcription': '601'}]","['601', '601']",M20240925_1876.wav,601,V2,,
"Wauw, heb je allebei je boterhammen met korst al op?","[{'m_file': 'M20240925_1877.wav', 'm_transcription': '602'}, {'m_file': 'M20240925_1878.wav', 'm_transcription': '602'}, {'m_file': 'M20240925_1879.wav', 'm_transcription': '602'}, {'m_file': 'M20240925_1880.wav', 'm_transcription': '602'}]","['602', '602', '602', '602']",M20240925_1880.wav,602,V4,,
We hebben super goed samengewerkt.,"[{'m_file': 'M20240925_1881.wav', 'm_transcription': '603'}, {'m_file': 'M20240925_1882.wav', 'm_transcription': '603'}]","['603', '603']",M20240925_1882.wav,603,V2,,
Aai maar alleen over zijn hoofdje.,"[{'m_file': 'M20240925_1884.wav', 'm_transcription': '605'}, {'m_file': 'M20240925_1885.wav', 'm_transcription': '605'}]","['605', '605']","M20240925_1884.wav, M20240925_1885.wav","605, 605",V1 en V2,,
probeer goed te kijken of de hond het nog wel leuk vindt.,"[{'m_file': 'M20240925_1886.wav', 'm_transcription': '628'}, {'m_file': 'M20240925_1887.wav', 'm_transcription': '628'}]","['628', '628']",M20240925_1887.wav,628,V2,,
Vind je de poes lief?,"[{'m_file': 'M20240925_1889.wav', 'm_transcription': '630'}, {'m_file': 'M20240925_1890.wav', 'm_transcription': '630'}, {'m_file': 'M20240925_1891.wav', 'm_transcription': '630'}]","['630', '630', '630']",M20240925_1891.wav,630,V3,,
We gaan de kippen tellen.,"[{'m_file': 'M20240925_1893.wav', 'm_transcription': '632'}, {'m_file': 'M20240925_1894.wav', 'm_transcription': '632'}]","['632', '632']",M20240925_1894.wav,632,V2,,
We gaan eens kijken wat daar allemaal te doen is.,"[{'m_file': 'M20240925_1895.wav', 'm_transcription': '633'}, {'m_file': 'M20240925_1896.wav', 'm_transcription': '633'}, {'m_file': 'M20240925_1897.wav', 'm_transcription': '633'}, {'m_file': 'M20240925_1898.wav', 'm_transcription': '633'}, {'m_file': 'M20240925_1899.wav', 'm_transcription': '633'}]","['633', '633', '633', '633', '633']","M20240925_1898.wav, M20240925_1899.wav","633, 633",V4 en V5,,
Wees lief voor dieren,"[{'m_file': 'M20240925_1900.wav', 'm_transcription': '634'}, {'m_file': 'M20240925_1901.wav', 'm_transcription': '634'}]","['634', '634']",M20240925_1901.wav,634,V2,,
Welke dieren kunnen we tegenkomen?,"[{'m_file': 'M20240925_1902.wav', 'm_transcription': '635'}, {'m_file': 'M20240925_1903.wav', 'm_transcription': '635'}, {'m_file': 'M20240925_1904.wav', 'm_transcription': '635'}, {'m_file': 'M20240925_1905.wav', 'm_transcription': '635'}]","['635', '635', '635', '635']","M20240925_1904.wav, M20240925_1905.wav","635, 635",V3 en V4,,
Welke dieren willen jullie als eerste zien?,"[{'m_file': 'M20240925_1906.wav', 'm_transcription': '636'}, {'m_file': 'M20240925_1907.wav', 'm_transcription': '636'}, {'m_file': 'M20240925_1908.wav', 'm_transcription': '636'}, {'m_file': 'M20240925_1909.wav', 'm_transcription': '636'}, {'m_file': 'M20240925_1910.wav', 'm_transcription': '636'}, {'m_file': 'M20240925_1911.wav', 'm_transcription': '636'}, {'m_file': 'M20240925_1912.wav', 'm_transcription': '636'}]","['636', '636', '636', '636', '636', '636', '636']",,,V7,,
Welke dieren wonen er allemaal op de kinderboerderij?,"[{'m_file': 'M20240925_1913.wav', 'm_transcription': '637'}, {'m_file': 'M20240925_1914.wav', 'm_transcription': '637'}, {'m_file': 'M20240925_1915.wav', 'm_transcription': '637'}, {'m_file': 'M20240925_1916.wav', 'm_transcription': '637'}, {'m_file': 'M20240925_1917.wav', 'm_transcription': '637'}]","['637', '637', '637', '637', '637']",M20240925_1917.wav,637,V5,,
Wil jij de vissen eten geven?,"[{'m_file': 'M20240925_1919.wav', 'm_transcription': '639'}, {'m_file': 'M20240925_1920.wav', 'm_transcription': '639'}, {'m_file': 'M20240925_1921.wav', 'm_transcription': '639'}, {'m_file': 'M20240925_1922.wav', 'm_transcription': '639'}, {'m_file': 'M20240925_1923.wav', 'm_transcription': '639'}]","['639', '639', '639', '639', '639']",M20240925_1923.wav,639,V5,,
Zullen we naar de lammetjes gaan?,"[{'m_file': 'M20240925_1927.wav', 'm_transcription': '643'}, {'m_file': 'M20240925_1928.wav', 'm_transcription': '643'}, {'m_file': 'M20240925_1929.wav', 'm_transcription': '643'}, {'m_file': 'M20240925_1930.wav', 'm_transcription': '643'}, {'m_file': 'M20240925_1931.wav', 'm_transcription': '643'}]","['643', '643', '643', '643', '643']",M20240925_1931.wav,643,V5,,
Zullen we ook nog wat water pakken voor de poes?,"[{'m_file': 'M20240925_1932.wav', 'm_transcription': '644'}, {'m_file': 'M20240925_1933.wav', 'm_transcription': '644'}, {'m_file': 'M20240925_1934.wav', 'm_transcription': '644'}, {'m_file': 'M20240925_1935.wav', 'm_transcription': '644'}]","['644', '644', '644', '644']",M20240925_1935.wav,644,V4,,
boven je bord eten,"[{'m_file': 'M20241108_6057.wav', 'm_transcription': '171'}]",['171'],,,,Y,
Eet je je fruit op?,"[{'m_file': 'M20241108_6094.wav', 'm_transcription': '190'}, {'m_file': 'M20241108_6095.wav', 'm_transcription': '190'}]","['190', '190']",,,,Y,
Goed op je billen zitten.,"[{'m_file': 'M20241108_6133.wav', 'm_transcription': '211'}]",['211'],,,,Y,
Heb je honger?,"[{'m_file': 'M20241108_6140.wav', 'm_transcription': '217'}, {'m_file': 'M20241108_6141.wav', 'm_transcription': '217'}]","['217', '217']",,,,Y,
Je moet wel wat kiezen.,"[{'m_file': 'M20241108_6290.wav', 'm_transcription': '251'}, {'m_file': 'M20241108_6291.wav', 'm_transcription': '251'}, {'m_file': 'M20241108_6293.wav', 'm_transcription': '251'}, {'m_file': 'M20241108_6292.wav', 'm_transcription': '251'}]","['251', '251', '251', '251']",,,,Y,
Misschien ga je wel iets leuks doen bij opa en oma.,"[{'m_file': 'M20241108_6186.wav', 'm_transcription': '295'}]",['295'],,,,Y,
De baby komt uit mama's buik.,"[{'m_file': 'M20241108_6222.wav', 'm_transcription': '326'}]",['326'],,,,Y,
De kapper gaat nu je haar knippen.,"[{'m_file': 'M20241113_6962.wav', 'm_transcription': '355'}, {'m_file': 'M20241113_6963.wav', 'm_transcription': '355'}]","['355', '355']","M20241113_6962.wav, M20241113_6963.wav","355, 355",V1 en V2,,
wil je wel of geen schort?,"[{'m_file': 'M20241107_6274.wav', 'm_transcription': '875'}, {'m_file': 'M20241107_6276.wav', 'm_transcription': '875'}, {'m_file': 'M20241107_6275.wav', 'm_transcription': '875'}]","['875', '875', '875']",M20241107_6276.wav,875,V2,,
"Die of die, anders gaat mama kiezen.","[{'m_file': 'M20241107_6277.wav', 'm_transcription': '876'}, {'m_file': 'M20241107_6278.wav', 'm_transcription': '876'}]","['876', '876']",M20241107_6278.wav,876,V2,,
Er zijn baby geitjes.,"[{'m_file': 'M20241113_6970.wav', 'm_transcription': '369'}, {'m_file': 'M20241113_6971.wav', 'm_transcription': '369'}]","['369', '369']","M20241113_6970.wav, M20241113_6971.wav","369, 369",V1 en V2,,
De schaar zo vastpakken.,"[{'m_file': 'M20241113_6973.wav', 'm_transcription': '373'}, {'m_file': 'M20241113_6974.wav', 'm_transcription': '373'}, {'m_file': 'M20241113_6976.wav', 'm_transcription': '373'}, {'m_file': 'M20241113_6975.wav', 'm_transcription': '373'}]","['373', '373', '373', '373']","M20241113_6973.wav, M20241113_6976.wav","373, 373",V1 en V3,,
Dit is een knutselboek.,"[{'m_file': 'M20241113_6977.wav', 'm_transcription': '374'}, {'m_file': 'M20241113_6978.wav', 'm_transcription': '374'}]","['374', '374']",M20241113_6978.wav,374,V2,,
Nu moet de verf even drogen.,"[{'m_file': 'M20241113_6984.wav', 'm_transcription': '384'}, {'m_file': 'M20241113_6983.wav', 'm_transcription': '384'}]","['384', '384']","M20241113_6984.wav, M20241113_6983.wav","384, 384",V1 en V2,,
wat ga je maken? Wat wordt het?,"[{'m_file': 'M20241106_6137.wav', 'm_transcription': '881'}, {'m_file': 'M20241106_6138.wav', 'm_transcription': '881'}]","['881', '881']","M20241106_6137.wav, M20241106_6138.wav","881, 881",V1 en V2,,
Wat heb je geverfd?,"[{'m_file': 'M20241106_6139.wav', 'm_transcription': '882'}, {'m_file': 'M20241106_6140.wav', 'm_transcription': '882'}]","['882', '882']","M20241106_6139.wav, M20241106_6140.wav","882, 882",V1 en V2,,
Wat moet mama erbij schrijven?,"[{'m_file': 'M20241106_6141.wav', 'm_transcription': '883'}, {'m_file': 'M20241106_6142.wav', 'm_transcription': '883'}, {'m_file': 'M20241106_6143.wav', 'm_transcription': '883'}, {'m_file': 'M20241106_6144.wav', 'm_transcription': '883'}, {'m_file': 'M20241106_6145.wav', 'm_transcription': '883'}]","['883', '883', '883', '883', '883']","M20241106_6141.wav, M20241106_6142.wav, M20241106_6145.wav","883, 883, 883","V1, V2 en V5",,
Wat wil je maken?,"[{'m_file': 'M20241106_6148.wav', 'm_transcription': '885'}, {'m_file': 'M20241106_6147.wav', 'm_transcription': '885'}]","['885', '885']",M20241106_6148.wav,885,V1,,
"We leggen er even een placemat onder, anders wordt de tafel vies.","[{'m_file': 'M20241106_6150.wav', 'm_transcription': '887'}, {'m_file': 'M20241106_6151.wav', 'm_transcription': '887'}]","['887', '887']","M20241106_6150.wav, M20241106_6151.wav","887, 887",V1 en V2,,
"We moeten wel het verfschort aandoen, anders worden je kleren vies.","[{'m_file': 'M20241107_6281.wav', 'm_transcription': '888'}, {'m_file': 'M20241107_6282.wav', 'm_transcription': '888'}, {'m_file': 'M20241107_6283.wav', 'm_transcription': '888'}]","['888', '888', '888']",M20241107_6283.wav,888,V3,,
Wil jij kleuren?,"[{'m_file': 'M20241107_6285.wav', 'm_transcription': '890'}, {'m_file': 'M20241107_6286.wav', 'm_transcription': '890'}]","['890', '890']",M20241107_6285.wav,890,V1,,
Zullen we een nieuw papiertje pakken?,"[{'m_file': 'M20241107_6289.wav', 'm_transcription': '892'}, {'m_file': 'M20241107_6288.wav', 'm_transcription': '892'}]","['892', '892']",M20241107_6288.wav,892,V2,,
Zullen we vingerverven?,"[{'m_file': 'M20241107_6290.wav', 'm_transcription': '893'}, {'m_file': 'M20241107_6291.wav', 'm_transcription': '893'}, {'m_file': 'M20241107_6292.wav', 'm_transcription': '893'}, {'m_file': 'M20241107_6293.wav', 'm_transcription': '893'}]","['893', '893', '893', '893']",M20241107_6293.wav,893,V4,,
De oven kan altijd heet zijn.,"[{'m_file': 'M20241107_6294.wav', 'm_transcription': '894'}, {'m_file': 'M20241107_6295.wav', 'm_transcription': '894'}]","['894', '894']",M20241107_6295.wav,894,V2,,
Kan je de eitjes pakken?,"[{'m_file': 'M20241113_6987.wav', 'm_transcription': '389'}, {'m_file': 'M20241113_6988.wav', 'm_transcription': '389'}]","['389', '389']",M20241113_6988.wav,389,V2,,
"Voorzichtig, de pan is heet.","[{'m_file': 'M20241106_6153.wav', 'm_transcription': '896'}, {'m_file': 'M20241106_6154.wav', 'm_transcription': '896'}]","['896', '896']","M20241106_6153.wav, M20241106_6154.wav","896, 896",V1 en V2,,
Wil je in de pan roeren?,"[{'m_file': 'M20241107_6296.wav', 'm_transcription': '898'}, {'m_file': 'M20241107_6297.wav', 'm_transcription': '898'}, {'m_file': 'M20241107_6298.wav', 'm_transcription': '898'}]","['898', '898', '898']",M20241107_6298.wav,898,V3,,
Zullen we de groenten wassen?,"[{'m_file': 'M20241107_6299.wav', 'm_transcription': '899'}, {'m_file': 'M20241107_6300.wav', 'm_transcription': '899'}]","['899', '899']",M20241107_6300.wav,899,V2,,
Zullen we even checken of de pasta al gaar is?,"[{'m_file': 'M20241107_6301.wav', 'm_transcription': '900'}, {'m_file': 'M20241107_6302.wav', 'm_transcription': '900'}, {'m_file': 'M20241107_6303.wav', 'm_transcription': '900'}, {'m_file': 'M20241107_6304.wav', 'm_transcription': '900'}]","['900', '900', '900', '900']","M20241107_6302.wav, M20241107_6304.wav","900, 900",V2 en V4,,
Ga maar naar de keuken,"[{'m_file': 'M20241113_6990.wav', 'm_transcription': '394'}, {'m_file': 'M20241113_6991.wav', 'm_transcription': '394'}]","['394', '394']","M20241113_6990.wav, M20241113_6991.wav","394, 394",V1 en V2,,
"als het echt niet gaat, dan kunnen we je altijd komen halen.","[{'m_file': 'M20241107_6306.wav', 'm_transcription': '904'}, {'m_file': 'M20241107_6307.wav', 'm_transcription': '904'}, {'m_file': 'M20241107_6308.wav', 'm_transcription': '904'}, {'m_file': 'M20241107_6309.wav', 'm_transcription': '904'}, {'m_file': 'M20241107_6310.wav', 'm_transcription': '904'}]","['904', '904', '904', '904', '904']",M20241107_6309.wav,904,V4,,
mama gaat nu naar huis.,"[{'m_file': 'M20241106_6159.wav', 'm_transcription': '907'}, {'m_file': 'M20241106_6160.wav', 'm_transcription': '907'}]","['907', '907']",M20241106_6160.wav,907,V2,,
Weet je nog hoe hun huis eruit ziet?,"[{'m_file': 'M20241107_6312.wav', 'm_transcription': '912'}, {'m_file': 'M20241107_6313.wav', 'm_transcription': '912'}, {'m_file': 'M20241107_6314.wav', 'm_transcription': '912'}, {'m_file': 'M20241107_6315.wav', 'm_transcription': '912'}]","['912', '912', '912', '912']",M20241107_6315.wav,912,V4,,
Welke kleren wil je mee?,"[{'m_file': 'M20241107_6316.wav', 'm_transcription': '913'}, {'m_file': 'M20241107_6317.wav', 'm_transcription': '913'}, {'m_file': 'M20241107_6318.wav', 'm_transcription': '913'}]","['913', '913', '913']",M20241107_6318.wav,913,V3,,
Wil je nog speelgoed meenemen?,"[{'m_file': 'M20241107_6319.wav', 'm_transcription': '914'}, {'m_file': 'M20241107_6320.wav', 'm_transcription': '914'}]","['914', '914']",M20241107_6319.wav,914,V1,,
Zullen we de koffer even pakken?,"[{'m_file': 'M20241106_6164.wav', 'm_transcription': '916'}, {'m_file': 'M20241106_6165.wav', 'm_transcription': '916'}]","['916', '916']",M20241106_6165.wav,916,V2,,
Even je billen schoonmaken.,"[{'m_file': 'M20241113_6998.wav', 'm_transcription': '408'}, {'m_file': 'M20241113_6999.wav', 'm_transcription': '408'}, {'m_file': 'M20241113_7000.wav', 'm_transcription': '408'}]","['408', '408', '408']",M20241113_6998.wav,408,V1,,
"Nog één doekje, bijna klaar.","[{'m_file': 'M20241107_6166.wav', 'm_transcription': '920'}, {'m_file': 'M20241107_6167.wav', 'm_transcription': '920'}]","['920', '920']",M20241107_6167.wav,920,V2,,
Rustig blijven liggen.,"[{'m_file': 'M20241107_6323.wav', 'm_transcription': '923'}, {'m_file': 'M20241107_6324.wav', 'm_transcription': '923'}]","['923', '923']","M20241107_6323.wav, M20241107_6324.wav","923, 923",V1 en V2,,
We gaan even je luier verschonen,"[{'m_file': 'M20241107_6325.wav', 'm_transcription': '924'}, {'m_file': 'M20241107_6326.wav', 'm_transcription': '924'}, {'m_file': 'M20241107_6327.wav', 'm_transcription': '924'}]","['924', '924', '924']",M20241107_6327.wav,924,V3,,
Ga maar lekker liggen.,"[{'m_file': 'M20241113_7009.wav', 'm_transcription': '420'}, {'m_file': 'M20241113_7010.wav', 'm_transcription': '420'}]","['420', '420']",M20241113_7010.wav,420,V2,,
ik wil jullie echt om half 9 in bed hebben.,"[{'m_file': 'M20241107_6170.wav', 'm_transcription': '927'}, {'m_file': 'M20241107_6171.wav', 'm_transcription': '927'}, {'m_file': 'M20241107_6172.wav', 'm_transcription': '927'}, {'m_file': 'M20241107_6173.wav', 'm_transcription': '927'}]","['927', '927', '927', '927']","M20241107_6171.wav, M20241107_6173.wav","927, 927",V2 en V4,,
"kom, we gaan even een warme pyjama uitzoeken, want het is heel koud buiten.","[{'m_file': 'M20241107_6181.wav', 'm_transcription': '935'}, {'m_file': 'M20241107_6182.wav', 'm_transcription': '935'}]","['935', '935']","M20241107_6181.wav, M20241107_6182.wav","935, 935",V1 en V2,,
morgen is er weer een dag.,"[{'m_file': 'M20241107_6185.wav', 'm_transcription': '937'}, {'m_file': 'M20241107_6184.wav', 'm_transcription': '937'}]","['937', '937']",M20241107_6184.wav,937,V2,,
Trek je pyjama maar aan dan ga ik daarna een verhaaltje voorlezen.,"[{'m_file': 'M20241107_6334.wav', 'm_transcription': '943'}, {'m_file': 'M20241107_6335.wav', 'm_transcription': '943'}]","['943', '943']","M20241107_6334.wav, M20241107_6335.wav","943, 943",V1 en V2,,
Waarom kan je niet slapen?,"[{'m_file': 'M20241107_6336.wav', 'm_transcription': '944'}, {'m_file': 'M20241107_6337.wav', 'm_transcription': '944'}]","['944', '944']","M20241107_6336.wav, M20241107_6337.wav","944, 944",V1 en V2,,
We doen de slaapzak aan.,"[{'m_file': 'M20241107_6340.wav', 'm_transcription': '947'}, {'m_file': 'M20241107_6341.wav', 'm_transcription': '947'}]","['947', '947']",M20241107_6341.wav,947,V2,,
Wie moet jou vanavond op bed leggen? Papa of mama?,"[{'m_file': 'M20241107_6345.wav', 'm_transcription': '951'}, {'m_file': 'M20241107_6346.wav', 'm_transcription': '951'}]","['951', '951']",M20241107_6346.wav,951,V2,,
Wil je een laken of een deken?,"[{'m_file': 'M20241107_6186.wav', 'm_transcription': '952'}, {'m_file': 'M20241107_6187.wav', 'm_transcription': '952'}]","['952', '952']",M20241107_6187.wav,952,V2,,
Zal ik nog even bij je komen liggen?,"[{'m_file': 'M20241107_6347.wav', 'm_transcription': '955'}, {'m_file': 'M20241107_6348.wav', 'm_transcription': '955'}]","['955', '955']",M20241107_6348.wav,955,V2,,
"Ach, overal zit poep (diarree).","[{'m_file': 'M20241107_6349.wav', 'm_transcription': '956'}, {'m_file': 'M20241107_6350.wav', 'm_transcription': '956'}, {'m_file': 'M20241107_6351.wav', 'm_transcription': '956'}, {'m_file': 'M20241107_6352.wav', 'm_transcription': '956'}]","['956', '956', '956', '956']",M20241107_6352.wav,956,V4,,
"Als je klaar bent met plassen, dan zijn je vriendjes er ook nog.","[{'m_file': 'M20241113_7016.wav', 'm_transcription': '438'}, {'m_file': 'M20241113_7017.wav', 'm_transcription': '438'}, {'m_file': 'M20241113_7018.wav', 'm_transcription': '438'}]","['438', '438', '438']",M20241113_7018.wav,438,V3,,
"broek uit, onderbroek uit.","[{'m_file': 'M20241113_7020.wav', 'm_transcription': '440'}, {'m_file': 'M20241113_7021.wav', 'm_transcription': '440'}]","['440', '440']","M20241113_7020.wav, M20241113_7021.wav","440, 440",V1 en V2,,
De broek doen we gewoon lekker in de was.,"[{'m_file': 'M20241113_7023.wav', 'm_transcription': '442'}, {'m_file': 'M20241113_7024.wav', 'm_transcription': '442'}]","['442', '442']","M20241113_7023.wav, M20241113_7024.wav","442, 442",V1 en V2,,
Doe je broek maar weer aan.,"[{'m_file': 'M20241113_7025.wav', 'm_transcription': '443'}, {'m_file': 'M20241113_7026.wav', 'm_transcription': '443'}]","['443', '443']",M20241113_7026.wav,443,V2,,
"één keer vegen, dubbel vouwen, nog een keer vegen. En dan weggooien en nog een keer. (situatie: tijdens afvegen)",[],[],,,V1 en V2,,No matched transcriptions found.; Not enough matched transcriptions for preference V1.; Not enough matched transcriptions for preference V2.
"Hier blijven, dan kan ik je onderbroek aan doen.","[{'m_file': 'M20241113_7033.wav', 'm_transcription': '449'}, {'m_file': 'M20241113_7034.wav', 'm_transcription': '449'}, {'m_file': 'M20241113_7035.wav', 'm_transcription': '449'}]","['449', '449', '449']",M20241113_7035.wav,449,V3,,
Hou het nog maar even op,"[{'m_file': 'M20241113_7037.wav', 'm_transcription': '451'}, {'m_file': 'M20241113_7038.wav', 'm_transcription': '451'}]","['451', '451']",M20241113_7038.wav,451,V2,,
Is er een ongelukje gebeurd?,[],[],,,,Y,No matched transcriptions found.
"je hebt vandaag snelle poep, dus we moeten snel naar de wc.","[{'m_file': 'M20241113_7043.wav', 'm_transcription': '455'}, {'m_file': 'M20241113_7042.wav', 'm_transcription': '455'}]","['455', '455']","M20241113_7043.wav, M20241113_7042.wav","455, 455",V1 en V2,,
"Je kan beter nu even plassen, anders word je er 's nachts wakker van.","[{'m_file': 'M20241113_7044.wav', 'm_transcription': '456'}, {'m_file': 'M20241113_7045.wav', 'm_transcription': '456'}, {'m_file': 'M20241113_7046.wav', 'm_transcription': '456'}]","['456', '456', '456']",M20241113_7046.wav,456,V3,,
"O jee, je hebt in je broek geplast.","[{'m_file': 'M20241107_6195.wav', 'm_transcription': '966'}, {'m_file': 'M20241107_6196.wav', 'm_transcription': '966'}]","['966', '966']","M20241107_6195.wav, M20241107_6196.wav","966, 966",V1 en V2,,
Volgens mij moet je even plassen.,"[{'m_file': 'M20241107_6208.wav', 'm_transcription': '978'}, {'m_file': 'M20241107_6209.wav', 'm_transcription': '978'}]","['978', '978']","M20241107_6208.wav, M20241107_6209.wav","978, 978",V1 en V2,,
wil je het brilletje op de wc?,"[{'m_file': 'M20241107_6358.wav', 'm_transcription': '985'}, {'m_file': 'M20241107_6359.wav', 'm_transcription': '985'}, {'m_file': 'M20241107_6360.wav', 'm_transcription': '985'}, {'m_file': 'M20241107_6361.wav', 'm_transcription': '985'}]","['985', '985', '985', '985']",M20241107_6361.wav,985,V4,,
"zorg dat je nu naar de wc gaat, dan weet je zeker dat je op tijd bent.","[{'m_file': 'M20241107_6364.wav', 'm_transcription': '988'}, {'m_file': 'M20241107_6365.wav', 'm_transcription': '988'}, {'m_file': 'M20241107_6366.wav', 'm_transcription': '988'}, {'m_file': 'M20241107_6367.wav', 'm_transcription': '988'}, {'m_file': 'M20241107_6368.wav', 'm_transcription': '988'}, {'m_file': 'M20241107_6369.wav', 'm_transcription': '988'}, {'m_file': 'M20241107_6370.wav', 'm_transcription': '988'}]","['988', '988', '988', '988', '988', '988', '988']",M20241107_6366.wav,988,V3 en V7,,
"Als je nu gaat plassen, dan voelt het fijner.","[{'m_file': 'M20241107_6372.wav', 'm_transcription': '990'}, {'m_file': 'M20241107_6373.wav', 'm_transcription': '990'}]","['990', '990']","M20241107_6372.wav, M20241107_6373.wav","990, 990",V1 en V2,,
"Als je vergeten bent waar de wc is, vraag het.","[{'m_file': 'M20241107_6374.wav', 'm_transcription': '991'}, {'m_file': 'M20241107_6375.wav', 'm_transcription': '991'}]","['991', '991']","M20241107_6374.wav, M20241107_6375.wav","991, 991",V1 en V2,,
ben je klaar? Is alle poep eruit? (situatie: tijdens afvegen),"[{'m_file': 'M20241107_6376.wav', 'm_transcription': '992'}, {'m_file': 'M20241107_6377.wav', 'm_transcription': '992'}, {'m_file': 'M20241107_6378.wav', 'm_transcription': '992'}, {'m_file': 'M20241107_6379.wav', 'm_transcription': '992'}, {'m_file': 'M20241107_6380.wav', 'm_transcription': '992'}, {'m_file': 'M20241107_6381.wav', 'm_transcription': '992'}]","['992', '992', '992', '992', '992', '992']",,,V6,,
eerst plassen voordat je gaat zwemmen,"[{'m_file': 'M20241107_6385.wav', 'm_transcription': '995'}, {'m_file': 'M20241107_6384.wav', 'm_transcription': '995'}]","['995', '995']",M20241107_6385.wav,995,V1,,
"Ga nu nog maar even naar de wc, anders plas je straks in je broek.","[{'m_file': 'M20241107_6386.wav', 'm_transcription': '996'}, {'m_file': 'M20241107_6387.wav', 'm_transcription': '996'}]","['996', '996']","M20241107_6386.wav, M20241107_6387.wav","996, 996",V1 en V2,,
"Gewoon rustig zitten, rustig poepen.","[{'m_file': 'M20241107_6388.wav', 'm_transcription': '997'}, {'m_file': 'M20241107_6389.wav', 'm_transcription': '997'}]","['997', '997']","M20241107_6388.wav, M20241107_6389.wav","997, 997",V1 en V2,,
Heb je al geplast?,"[{'m_file': 'M20241107_6390.wav', 'm_transcription': '998'}, {'m_file': 'M20241107_6391.wav', 'm_transcription': '998'}]","['998', '998']",M20241107_6391.wav,998,V2,,
Ben je klaar om te gaan?,"[{'m_file': 'M20241107_6392.wav', 'm_transcription': '999'}, {'m_file': 'M20241107_6393.wav', 'm_transcription': '999'}]","['999', '999']",M20241107_6393.wav,999,V2,,
"De lego laten we thuis vandaag, anders raak je het kwijt.","[{'m_file': 'M20241113_7048.wav', 'm_transcription': '478'}, {'m_file': 'M20241113_7049.wav', 'm_transcription': '478'}]","['478', '478']",M20241113_7049.wav,478,V2,,
Ga maar alvast naar buiten.,"[{'m_file': 'M20241113_7054.wav', 'm_transcription': '483'}, {'m_file': 'M20241113_7055.wav', 'm_transcription': '483'}]","['483', '483']",M20241113_7055.wav,483,V2,,
Pak je eigen fiets maar.,"[{'m_file': 'M20241107_6215.wav', 'm_transcription': '1005'}, {'m_file': 'M20241107_6216.wav', 'm_transcription': '1005'}]","['1005', '1005']","M20241107_6215.wav, M20241107_6216.wav","1005, 1005",V1 en V2,,
"Tot straks, lieverd.","[{'m_file': 'M20241107_6220.wav', 'm_transcription': '1009'}, {'m_file': 'M20241107_6221.wav', 'm_transcription': '1009'}]","['1009', '1009']",M20241107_6221.wav,1009,V2,,
Veel plezier op school!,"[{'m_file': 'M20241107_6223.wav', 'm_transcription': '1011'}, {'m_file': 'M20241107_6224.wav', 'm_transcription': '1011'}]","['1011', '1011']",M20241107_6224.wav,1011,V2,,
We gaan lekker spelen.,"[{'m_file': 'M20241107_6397.wav', 'm_transcription': '1015'}, {'m_file': 'M20241107_6398.wav', 'm_transcription': '1015'}]","['1015', '1015']",M20241107_6398.wav,1015,V2,,
We gaan naar Groep Vis.,"[{'m_file': 'M20241107_6399.wav', 'm_transcription': '1016'}, {'m_file': 'M20241107_6400.wav', 'm_transcription': '1016'}]","['1016', '1016']",M20241107_6399.wav,1016,V1,,
We zijn er bijna.,"[{'m_file': 'M20241107_6403.wav', 'm_transcription': '1019'}, {'m_file': 'M20241107_6404.wav', 'm_transcription': '1019'}]","['1019', '1019']",M20241107_6404.wav,1019,V2,,
Wil je achterop bij mama of wil je met je eigen fiets?,"[{'m_file': 'M20241107_6405.wav', 'm_transcription': '1020'}, {'m_file': 'M20241107_6406.wav', 'm_transcription': '1020'}]","['1020', '1020']",M20241107_6406.wav,1020,V2,,
Wil je met de fiets?,"[{'m_file': 'M20241107_6407.wav', 'm_transcription': '1021'}, {'m_file': 'M20241107_6408.wav', 'm_transcription': '1021'}, {'m_file': 'M20241107_6409.wav', 'm_transcription': '1021'}, {'m_file': 'M20241107_6410.wav', 'm_transcription': '1021'}]","['1021', '1021', '1021', '1021']","M20241107_6409.wav, M20241107_6410.wav","1021, 1021",V3 en V4,,
Fijn om je weer te zien.,"[{'m_file': 'M20241107_6411.wav', 'm_transcription': '1022'}, {'m_file': 'M20241107_6412.wav', 'm_transcription': '1022'}]","['1022', '1022']",M20241107_6412.wav,1022,V2,,
Was het gezellig met de juf?,"[{'m_file': 'M20241107_6225.wav', 'm_transcription': '1023'}, {'m_file': 'M20241107_6226.wav', 'm_transcription': '1023'}]","['1023', '1023']",M20241107_6226.wav,1023,V2,,
Wat heb je allemaal gedaan vandaag?,"[{'m_file': 'M20241107_6228.wav', 'm_transcription': '1025'}, {'m_file': 'M20241107_6229.wav', 'm_transcription': '1025'}]","['1025', '1025']","M20241107_6228.wav, M20241107_6229.wav","1025, 1025",V1 en V2,,
Zeg maar Dankjewel voor het spelen.,"[{'m_file': 'M20241107_6414.wav', 'm_transcription': '1029'}, {'m_file': 'M20241107_6415.wav', 'm_transcription': '1029'}]","['1029', '1029']","M20241107_6414.wav, M20241107_6415.wav","1029, 1029",V1 en V2,,
Zeg maar tot volgende week.,"[{'m_file': 'M20241107_6417.wav', 'm_transcription': '1031'}, {'m_file': 'M20241107_6418.wav', 'm_transcription': '1031'}]","['1031', '1031']","M20241107_6417.wav, M20241107_6418.wav","1031, 1031",V1 en V2,,
"als jij morgen wakker wordt, dan zijn je mama’s er weer.",[],[],,,V2,,"No sentence ID found for Zin Array: '[""als"",""jij"",""morgen"",""wakker"",""wordt,"",""dan"",""zijn"",""je"",""mama’s"",""er"",""weer.""]'.; Not enough matched transcriptions for preference V2."
De oppas gaat jou naar bedje brengen.,"[{'m_file': 'M20241113_7068.wav', 'm_transcription': '509'}, {'m_file': 'M20241113_7069.wav', 'm_transcription': '509'}, {'m_file': 'M20241113_7070.wav', 'm_transcription': '509'}]","['509', '509', '509']",M20241113_7070.wav,509,V3,,
Mama gaat zo weg.,"[{'m_file': 'M20241107_6247.wav', 'm_transcription': '1036'}, {'m_file': 'M20241107_6248.wav', 'm_transcription': '1036'}]","['1036', '1036']",M20241107_6248.wav,1036,V2,,
Papa en papa gaan eventjes op pad.,"[{'m_file': 'M20241107_6421.wav', 'm_transcription': '1037'}, {'m_file': 'M20241107_6422.wav', 'm_transcription': '1037'}]","['1037', '1037']",M20241107_6422.wav,1037,V2,,
breng de stiften maar naar mama.,"[{'m_file': 'M20241113_7076.wav', 'm_transcription': '518'}, {'m_file': 'M20241113_7077.wav', 'm_transcription': '518'}]","['518', '518']","M20241113_7076.wav, M20241113_7077.wav","518, 518",V1 en V2,,
Doe de blokken maar in de doos.,"[{'m_file': 'M20241113_7078.wav', 'm_transcription': '519'}, {'m_file': 'M20241113_7079.wav', 'm_transcription': '519'}]","['519', '519']",M20241113_7079.wav,519,V2,,
Doe jij de was in de wasmachine?,"[{'m_file': 'M20241113_7080.wav', 'm_transcription': '520'}, {'m_file': 'M20241113_7081.wav', 'm_transcription': '520'}]","['520', '520']",M20241113_7081.wav,520,V2,,
morgen kan je het speelgoed weer pakken.,"[{'m_file': 'M20241107_6234.wav', 'm_transcription': '1042'}, {'m_file': 'M20241107_6235.wav', 'm_transcription': '1042'}]","['1042', '1042']","M20241107_6234.wav, M20241107_6235.wav","1042, 1042",V1 en V2,,
"ruim je spullen vast even op, want we gaan zo eten","[{'m_file': 'M20241107_6243.wav', 'm_transcription': '1050'}, {'m_file': 'M20241107_6244.wav', 'm_transcription': '1050'}]","['1050', '1050']",M20241107_6244.wav,1050,V2,,
tas leeghalen en op het aanrecht leggen.,"[{'m_file': 'M20241107_6426.wav', 'm_transcription': '1052'}, {'m_file': 'M20241107_6427.wav', 'm_transcription': '1052'}]","['1052', '1052']",M20241107_6427.wav,1052,V2,,
we gaan nu opruimen en daarna gaan we lekker spelen met de duplo.,"[{'m_file': 'M20241107_6428.wav', 'm_transcription': '1053'}, {'m_file': 'M20241107_6429.wav', 'm_transcription': '1053'}, {'m_file': 'M20241107_6430.wav', 'm_transcription': '1053'}, {'m_file': 'M20241107_6431.wav', 'm_transcription': '1053'}]","['1053', '1053', '1053', '1053']",M20241107_6429.wav,1053,V2,,
Wil je het nog even zo laten staan of gaan we het opruimen?,"[{'m_file': 'M20241107_6434.wav', 'm_transcription': '1056'}, {'m_file': 'M20241107_6435.wav', 'm_transcription': '1056'}, {'m_file': 'M20241107_6437.wav', 'm_transcription': '1056'}, {'m_file': 'M20241107_6438.wav', 'm_transcription': '1056'}, {'m_file': 'M20241107_6436.wav', 'm_transcription': '1056'}]","['1056', '1056', '1056', '1056', '1056']",M20241107_6438.wav,1056,V4,,
zullen we samen de was ophangen?,"[{'m_file': 'M20241107_6440.wav', 'm_transcription': '1058'}, {'m_file': 'M20241107_6441.wav', 'm_transcription': '1058'}]","['1058', '1058']",M20241107_6441.wav,1058,V2,,
"als er iets is, kom je naar me toe","[{'m_file': 'M20241107_6443.wav', 'm_transcription': '1059'}, {'m_file': 'M20241107_6442.wav', 'm_transcription': '1059'}]","['1059', '1059']",M20241107_6443.wav,1059,V1,,
"als je hulp nodig hebt, vraag een ouder kind je te helpen.","[{'m_file': 'M20241113_7086.wav', 'm_transcription': '1062'}, {'m_file': 'M20241113_7087.wav', 'm_transcription': '1062'}]","['1062', '1062']",M20241113_7086.wav,1062,V1,,
Dat is heel belangrijk.,"[{'m_file': 'M20241113_7097.wav', 'm_transcription': '1071'}, {'m_file': 'M20241113_7096.wav', 'm_transcription': '1071'}]","['1071', '1071']",M20241113_7096.wav,1071,V2,,
Dat kan netter.,"[{'m_file': 'M20241113_7099.wav', 'm_transcription': '1072'}, {'m_file': 'M20241113_7098.wav', 'm_transcription': '1072'}]","['1072', '1072']",M20241113_7099.wav,1072,V1,,
Dat mag niet!,"[{'m_file': 'M20241113_7100.wav', 'm_transcription': '1073'}, {'m_file': 'M20241113_7101.wav', 'm_transcription': '1073'}]","['1073', '1073']","M20241113_7100.wav, M20241113_7101.wav","1073, 1073",V1 en V2,,
Dat mag niet.,"[{'m_file': 'M20241113_7102.wav', 'm_transcription': '1074'}, {'m_file': 'M20241113_7103.wav', 'm_transcription': '1074'}]","['1074', '1074']","M20241113_7102.wav, M20241113_7103.wav","1074, 1074",V1 en V2,,
Er gaat niks met ons gebeuren.,"[{'m_file': 'M20241113_7109.wav', 'm_transcription': '1080'}, {'m_file': 'M20241113_7110.wav', 'm_transcription': '1080'}]","['1080', '1080']",M20241113_7110.wav,1080,V2,,
Er zijn daar nog meer kindjes.,"[{'m_file': 'M20241113_7112.wav', 'm_transcription': '1082'}, {'m_file': 'M20241113_7113.wav', 'm_transcription': '1082'}]","['1082', '1082']","M20241113_7112.wav, M20241113_7113.wav","1082, 1082",V1 en V2,,
Wat heb je nodig?,"[{'m_file': 'M20241113_6757.wav', 'm_transcription': '1135'}, {'m_file': 'M20241113_6758.wav', 'm_transcription': '1135'}]","['1135', '1135']","M20241113_6757.wav, M20241113_6758.wav","1135, 1135",V1 en V2,,
Wat is er allemaal gebeurd?,"[{'m_file': 'M20241113_6759.wav', 'm_transcription': '1136'}, {'m_file': 'M20241113_6760.wav', 'm_transcription': '1136'}]","['1136', '1136']","M20241113_6759.wav, M20241113_6760.wav","1136, 1136",V1 en V2,,
Wat leuk!,"[{'m_file': 'M20241113_6764.wav', 'm_transcription': '1137'}, {'m_file': 'M20241113_6761.wav', 'm_transcription': '1137'}, {'m_file': 'M20241113_6762.wav', 'm_transcription': '1137'}, {'m_file': 'M20241113_6763.wav', 'm_transcription': '1137'}]","['1137', '1137', '1137', '1137']","M20241113_6764.wav, M20241113_6763.wav","1137, 1137",V1 t/m V4,,
Wat wil je doen vandaag?,"[{'m_file': 'M20241113_6765.wav', 'm_transcription': '1138'}, {'m_file': 'M20241113_6766.wav', 'm_transcription': '1138'}]","['1138', '1138']",M20241113_6766.wav,1138,V2,,
Wat zeg je dan? Dankjewel.,"[{'m_file': 'M20241113_6767.wav', 'm_transcription': '1139'}, {'m_file': 'M20241113_6768.wav', 'm_transcription': '1139'}]","['1139', '1139']","M20241113_6767.wav, M20241113_6768.wav","1139, 1139",V1 en V2,,
Wat zeg je?,"[{'m_file': 'M20241113_6769.wav', 'm_transcription': '1140'}, {'m_file': 'M20241113_6770.wav', 'm_transcription': '1140'}]","['1140', '1140']","M20241113_6769.wav, M20241113_6770.wav","1140, 1140",V1 en V2,,
Wie is dat?,"[{'m_file': 'M20241113_6777.wav', 'm_transcription': '1146'}, {'m_file': 'M20241113_6776.wav', 'm_transcription': '1146'}]","['1146', '1146']","M20241113_6777.wav, M20241113_6776.wav","1146, 1146",V1 en V2,,
wie is er echt oud?,"[{'m_file': 'M20241113_6778.wav', 'm_transcription': '1147'}, {'m_file': 'M20241113_6779.wav', 'm_transcription': '1147'}]","['1147', '1147']",,,,Y,
Wil je dat?,"[{'m_file': 'M20241113_6780.wav', 'm_transcription': '1148'}, {'m_file': 'M20241113_6781.wav', 'm_transcription': '1148'}, {'m_file': 'M20241113_6782.wav', 'm_transcription': '1148'}]","['1148', '1148', '1148']","M20241113_6780.wav, M20241113_6781.wav","1148, 1148",V1 en V2,,
Wil je hier blijven of wil je me helpen?,"[{'m_file': 'M20241113_6784.wav', 'm_transcription': '1149'}, {'m_file': 'M20241113_6785.wav', 'm_transcription': '1149'}, {'m_file': 'M20241113_6783.wav', 'm_transcription': '1149'}]","['1149', '1149', '1149']",M20241113_6785.wav,1149,V2,,
Word jij zelf ook ooit zo oud?,"[{'m_file': 'M20241113_6788.wav', 'm_transcription': '1151'}, {'m_file': 'M20241113_6789.wav', 'm_transcription': '1151'}, {'m_file': 'M20241113_6787.wav', 'm_transcription': '1151'}]","['1151', '1151', '1151']",M20241113_6789.wav,1151,V2,,
Zie je wel dat je dit kan?,"[{'m_file': 'M20241113_6791.wav', 'm_transcription': '1153'}, {'m_file': 'M20241113_6792.wav', 'm_transcription': '1153'}]","['1153', '1153']","M20241113_6791.wav, M20241113_6792.wav","1153, 1153",V1 en V2,,
Zie je wel dat je heel veel kan als je blijft oefenen.,"[{'m_file': 'M20241113_6793.wav', 'm_transcription': '1154'}, {'m_file': 'M20241113_6795.wav', 'm_transcription': '1154'}, {'m_file': 'M20241113_6796.wav', 'm_transcription': '1154'}, {'m_file': 'M20241113_6797.wav', 'm_transcription': '1154'}, {'m_file': 'M20241113_6798.wav', 'm_transcription': '1154'}, {'m_file': 'M20241113_6794.wav', 'm_transcription': '1154'}]","['1154', '1154', '1154', '1154', '1154', '1154']","M20241113_6793.wav, M20241113_6795.wav, M20241113_6796.wav, M20241113_6797.wav, M20241113_6798.wav","1154, 1154, 1154, 1154, 1154","V1, V2, V3, V4 en V5",,
Zie je wel dat je het kan regelen voor jezelf.,"[{'m_file': 'M20241113_6800.wav', 'm_transcription': '1156'}, {'m_file': 'M20241113_6801.wav', 'm_transcription': '1156'}]","['1156', '1156']","M20241113_6800.wav, M20241113_6801.wav","1156, 1156",V1 en V2,,
Zit je goed?,"[{'m_file': 'M20241113_6802.wav', 'm_transcription': '1157'}, {'m_file': 'M20241113_6803.wav', 'm_transcription': '1157'}]","['1157', '1157']",M20241113_6803.wav,1157,V2,,
Zometeen kan je iets vertellen.,"[{'m_file': 'M20241113_6804.wav', 'm_transcription': '1158'}, {'m_file': 'M20241113_6805.wav', 'm_transcription': '1158'}]","['1158', '1158']",M20241113_6805.wav,1158,V2,,
"Als we dit erop doen, gaat de pijn over.","[{'m_file': 'M20241113_6807.wav', 'm_transcription': '1160'}, {'m_file': 'M20241113_6808.wav', 'm_transcription': '1160'}, {'m_file': 'M20241113_6809.wav', 'm_transcription': '1160'}]","['1160', '1160', '1160']",,,,Y,
Zal ik er een kusje op geven?,"[{'m_file': 'M20241113_6842.wav', 'm_transcription': '1188'}]",['1188'],,,,Y,
Zal ik er een pleister opdoen?,"[{'m_file': 'M20241113_6843.wav', 'm_transcription': '1189'}, {'m_file': 'M20241113_6844.wav', 'm_transcription': '1189'}]","['1189', '1189']",M20241113_6844.wav,1189,V2,,
"Zo, kusje erop!","[{'m_file': 'M20241113_6845.wav', 'm_transcription': '1190'}]",['1190'],,,,Y,
Daar kun je lekker spelen met de andere kindjes.,"[{'m_file': 'M20241113_6851.wav', 'm_transcription': '1203'}, {'m_file': 'M20241113_6855.wav', 'm_transcription': '1203'}, {'m_file': 'M20241113_6852.wav', 'm_transcription': '1203'}, {'m_file': 'M20241113_6853.wav', 'm_transcription': '1203'}, {'m_file': 'M20241113_6854.wav', 'm_transcription': '1203'}]","['1203', '1203', '1203', '1203', '1203']","M20241113_6855.wav, M20241113_6854.wav","1203, 1203",V2 en V5,,
Waar heb jij zin in?,"[{'m_file': 'M20241113_6856.wav', 'm_transcription': '1225'}, {'m_file': 'M20241113_6857.wav', 'm_transcription': '1225'}]","['1225', '1225']",M20241113_6857.wav,1225,V2,,
Wat gaan jullie doen vandaag?,"[{'m_file': 'M20241113_6858.wav', 'm_transcription': '1226'}, {'m_file': 'M20241113_6859.wav', 'm_transcription': '1226'}]","['1226', '1226']",M20241113_6859.wav,1226,V2,,
Wat zullen we vandaag gaan doen?,"[{'m_file': 'M20241113_6860.wav', 'm_transcription': '1227'}, {'m_file': 'M20241113_6861.wav', 'm_transcription': '1227'}]","['1227', '1227']","M20241113_6860.wav, M20241113_6861.wav","1227, 1227",V1 en V2,,
Blijf daar vanaf.,"[{'m_file': 'M20241113_6865.wav', 'm_transcription': '1231'}, {'m_file': 'M20241113_6866.wav', 'm_transcription': '1231'}]","['1231', '1231']","M20241113_6865.wav, M20241113_6866.wav","1231, 1231",V1 en V2,,
Zeg maar tegen de meneer wat je wil eten.,"[{'m_file': 'M20241113_6868.wav', 'm_transcription': '1251'}, {'m_file': 'M20241113_6869.wav', 'm_transcription': '1251'}]","['1251', '1251']",M20241113_6869.wav,1251,V2,,
"als je er niet uit komt, mag je altijd naar de juf toe gaan","[{'m_file': 'M20241113_6873.wav', 'm_transcription': '1254'}, {'m_file': 'M20241113_6872.wav', 'm_transcription': '1254'}]","['1254', '1254']",M20241113_6873.wav,1254,V1,,
Wat voor werkjes heb je gedaan?,"[{'m_file': 'M20241113_6874.wav', 'm_transcription': '1285'}, {'m_file': 'M20241113_6875.wav', 'm_transcription': '1285'}]","['1285', '1285']",M20241113_6875.wav,1285,V2,,
wat wil je op je brood naar school?,"[{'m_file': 'M20241113_6876.wav', 'm_transcription': '1286'}, {'m_file': 'M20241113_6877.wav', 'm_transcription': '1286'}, {'m_file': 'M20241113_6878.wav', 'm_transcription': '1286'}]","['1286', '1286', '1286']","M20241113_6877.wav, M20241113_6878.wav","1286, 1286",V2 en V3,,
We gaan naar school.,"[{'m_file': 'M20241113_6880.wav', 'm_transcription': '1287'}, {'m_file': 'M20241113_6879.wav', 'm_transcription': '1287'}]","['1287', '1287']","M20241113_6880.wav, M20241113_6879.wav","1287, 1287",V1 en V2,,
we moeten je zus ophalen van school.,"[{'m_file': 'M20241113_6881.wav', 'm_transcription': '1288'}, {'m_file': 'M20241113_6882.wav', 'm_transcription': '1288'}]","['1288', '1288']","M20241113_6881.wav, M20241113_6882.wav","1288, 1288",V1 en V2,,
Zet je broodtrommel op het aanrecht.,"[{'m_file': 'M20241113_6886.wav', 'm_transcription': '1292'}, {'m_file': 'M20241113_6887.wav', 'm_transcription': '1292'}]","['1292', '1292']","M20241113_6886.wav, M20241113_6887.wav","1292, 1292",V1 en V2,,
Zit er nog iets in je (brood)trommel?,"[{'m_file': 'M20241113_6888.wav', 'm_transcription': '1293'}, {'m_file': 'M20241113_6889.wav', 'm_transcription': '1293'}]","['1293', '1293']","M20241113_6888.wav, M20241113_6889.wav","1293, 1293",V1 en V2,,
heb je het al gevraagd aan zijn ouders?,"[{'m_file': 'M20241113_6891.wav', 'm_transcription': '1295'}, {'m_file': 'M20241113_6892.wav', 'm_transcription': '1295'}, {'m_file': 'M20241113_6893.wav', 'm_transcription': '1295'}, {'m_file': 'M20241113_6894.wav', 'm_transcription': '1295'}, {'m_file': 'M20241113_6895.wav', 'm_transcription': '1295'}]","['1295', '1295', '1295', '1295', '1295']","M20241113_6891.wav, M20241113_6895.wav","1295, 1295",V1 en V5,,
"Alleen rollen met de bal, niet gooien.","[{'m_file': 'M20241113_6896.wav', 'm_transcription': '1301'}, {'m_file': 'M20241113_6897.wav', 'm_transcription': '1301'}]","['1301', '1301']","M20241113_6896.wav, M20241113_6897.wav","1301, 1301",V1 en V2,,
Wil je in de zandbak spelen?,"[{'m_file': 'M20241113_6901.wav', 'm_transcription': '1407'}, {'m_file': 'M20241113_6902.wav', 'm_transcription': '1407'}, {'m_file': 'M20241113_6903.wav', 'm_transcription': '1407'}]","['1407', '1407', '1407']",M20241113_6903.wav,1407,V3,,
Wil je met de duplo spelen?,"[{'m_file': 'M20241113_6905.wav', 'm_transcription': '1409'}, {'m_file': 'M20241113_6906.wav', 'm_transcription': '1409'}]","['1409', '1409']",M20241113_6906.wav,1409,V2,,
Zet het (speelgoed)autootje maar voor de doos.,"[{'m_file': 'M20241113_6917.wav', 'm_transcription': '1420'}, {'m_file': 'M20241113_6918.wav', 'm_transcription': '1420'}, {'m_file': 'M20241113_6919.wav', 'm_transcription': '1420'}, {'m_file': 'M20241113_6920.wav', 'm_transcription': '1420'}]","['1420', '1420', '1420', '1420']",M20241113_6920.wav,1420,V4,,
Zullen we een dinosaurus kleien?,"[{'m_file': 'M20241113_6922.wav', 'm_transcription': '1422'}, {'m_file': 'M20241113_6923.wav', 'm_transcription': '1422'}, {'m_file': 'M20241113_6924.wav', 'm_transcription': '1422'}]","['1422', '1422', '1422']",M20241113_6922.wav,1422,V1,,
Zullen we een hele diepe tunnel graven?,"[{'m_file': 'M20241113_6925.wav', 'm_transcription': '1423'}]",['1423'],,,,Y,
Zullen we een herfsttafel gaan maken?,"[{'m_file': 'M20241113_6926.wav', 'm_transcription': '1424'}]",['1424'],,,,Y,
"Zullen we een tasje meenemen, dan kunnen we mooie bladeren verzamelen.","[{'m_file': 'M20241113_6927.wav', 'm_transcription': '1425'}, {'m_file': 'M20241113_6928.wav', 'm_transcription': '1425'}]","['1425', '1425']",M20241113_6928.wav,1425,V2,,
Zullen we eerst even een stukje lopen en daarna spelen?,"[{'m_file': 'M20241113_6930.wav', 'm_transcription': '1427'}, {'m_file': 'M20241113_6931.wav', 'm_transcription': '1427'}]","['1427', '1427']",M20241113_6931.wav,1427,V2,,
Zullen we eikels verzamelen?,"[{'m_file': 'M20241113_6933.wav', 'm_transcription': '1428'}, {'m_file': 'M20241113_6932.wav', 'm_transcription': '1428'}]","['1428', '1428']","M20241113_6933.wav, M20241113_6932.wav","1428, 1428",V1 en V2,,
Zullen we gaan vouwen?,"[{'m_file': 'M20241113_6935.wav', 'm_transcription': '1430'}, {'m_file': 'M20241113_6936.wav', 'm_transcription': '1430'}]","['1430', '1430']",M20241113_6936.wav,1430,V2,,
Zullen we kijken of je vriendjes thuis zijn?,"[{'m_file': 'M20241113_6939.wav', 'm_transcription': '1433'}, {'m_file': 'M20241113_6940.wav', 'm_transcription': '1433'}]","['1433', '1433']",M20241113_6940.wav,1433,V2,,
Zullen we samen van deze hoge glijbaan afgaan?,"[{'m_file': 'M20241113_6944.wav', 'm_transcription': '1436'}, {'m_file': 'M20241113_6945.wav', 'm_transcription': '1436'}, {'m_file': 'M20241113_6943.wav', 'm_transcription': '1436'}]","['1436', '1436', '1436']",M20241113_6945.wav,1436,V2,,
Zullen we vouwpapier meenemen?,"[{'m_file': 'M20241113_6946.wav', 'm_transcription': '1437'}, {'m_file': 'M20241113_6947.wav', 'm_transcription': '1437'}]","['1437', '1437']",M20241113_6947.wav,1437,V2,,
Vraag maar een kaart aan papa.,"[{'m_file': 'M20241113_7137.wav', 'm_transcription': '1472'}, {'m_file': 'M20241113_7138.wav', 'm_transcription': '1472'}, {'m_file': 'M20241113_7139.wav', 'm_transcription': '1472'}, {'m_file': 'M20241113_7140.wav', 'm_transcription': '1472'}]","['1472', '1472', '1472', '1472']","M20241113_7139.wav, M20241113_7140.wav","1472, 1472",V3 en V4,,
Wacht op je beurt.,"[{'m_file': 'M20241113_7141.wav', 'm_transcription': '1473'}, {'m_file': 'M20241113_7142.wav', 'm_transcription': '1473'}, {'m_file': 'M20241113_7143.wav', 'm_transcription': '1473'}, {'m_file': 'M20241113_7145.wav', 'm_transcription': '1473'}, {'m_file': 'M20241113_7144.wav', 'm_transcription': '1473'}]","['1473', '1473', '1473', '1473', '1473']",M20241113_7145.wav,1473,V4,,
Weet jij nog waar deze ligt? (tijdens memory),"[{'m_file': 'M20241113_7147.wav', 'm_transcription': '1475'}, {'m_file': 'M20241113_7148.wav', 'm_transcription': '1475'}, {'m_file': 'M20241113_7149.wav', 'm_transcription': '1475'}]","['1475', '1475', '1475']",M20241113_7149.wav,1475,V3,,
Welk kwartet verzamel jij?,"[{'m_file': 'M20241113_7150.wav', 'm_transcription': '1476'}, {'m_file': 'M20241113_7151.wav', 'm_transcription': '1476'}]","['1476', '1476']",M20241113_7151.wav,1476,V2,,
Zet je pion vooruit.,"[{'m_file': 'M20241113_7156.wav', 'm_transcription': '1481'}, {'m_file': 'M20241113_7157.wav', 'm_transcription': '1481'}, {'m_file': 'M20241113_7158.wav', 'm_transcription': '1481'}, {'m_file': 'M20241113_7159.wav', 'm_transcription': '1481'}]","['1481', '1481', '1481', '1481']",M20241113_7159.wav,1481,V4,,
De tandarts gaat even kijken of we goed aan het poetsen zijn.,"[{'m_file': 'M20241113_7161.wav', 'm_transcription': '1482'}, {'m_file': 'M20241113_7160.wav', 'm_transcription': '1482'}]","['1482', '1482']",M20241113_7161.wav,1482,V1,,
Alle tanden 5 seconden poetsen.,"[{'m_file': 'M20241113_7164.wav', 'm_transcription': '1490'}, {'m_file': 'M20241113_7165.wav', 'm_transcription': '1490'}]","['1490', '1490']","M20241113_7164.wav, M20241113_7165.wav","1490, 1490",V1 V2,,
nu de bovenkant poetsen,"[{'m_file': 'M20241113_7167.wav', 'm_transcription': '1510'}, {'m_file': 'M20241113_7168.wav', 'm_transcription': '1510'}, {'m_file': 'M20241113_7169.wav', 'm_transcription': '1510'}]","['1510', '1510', '1510']",M20241113_7169.wav,1510,V3,,
Zeg eens aaa.,"[{'m_file': 'M20241113_7172.wav', 'm_transcription': '1513'}, {'m_file': 'M20241113_7173.wav', 'm_transcription': '1513'}, {'m_file': 'M20241113_7174.wav', 'm_transcription': '1513'}]","['1513', '1513', '1513']",M20241113_7174.wav,1513,V3,,
We gaan trakteren bij Groep Vis.,"[{'m_file': 'M20241113_7186.wav', 'm_transcription': '1598'}, {'m_file': 'M20241113_7187.wav', 'm_transcription': '1598'}]","['1598', '1598']",M20241113_7187.wav,1598,V2,,
"We kunnen op een lijstje schrijven welke cadeautjes je wil hebben, je verlanglijstje.","[{'m_file': 'M20241113_7191.wav', 'm_transcription': '1601'}, {'m_file': 'M20241113_7190.wav', 'm_transcription': '1601'}]","['1601', '1601']",M20241113_7191.wav,1601,V1,,
"Wil je helpen met het cadeautje uitpakken, want je broertje kan dat nog niet.","[{'m_file': 'M20241113_7193.wav', 'm_transcription': '1603'}, {'m_file': 'M20241113_7194.wav', 'm_transcription': '1603'}]","['1603', '1603']",M20241113_7194.wav,1603,V2,,
Wil je taart?,"[{'m_file': 'M20241113_7197.wav', 'm_transcription': '1606'}, {'m_file': 'M20241113_7198.wav', 'm_transcription': '1606'}]","['1606', '1606']",M20241113_7198.wav,1606,V2,,
Zullen we kijken wat voor traktaties we gaan maken dit jaar?,"[{'m_file': 'M20241113_7201.wav', 'm_transcription': '1609'}, {'m_file': 'M20241113_7202.wav', 'm_transcription': '1609'}]","['1609', '1609']",M20241113_7202.wav,1609,V2,,
Zullen we Lang zal ze leven zingen?,"[{'m_file': 'M20241113_7203.wav', 'm_transcription': '1610'}, {'m_file': 'M20241113_7204.wav', 'm_transcription': '1610'}]","['1610', '1610']",M20241113_7204.wav,1610,V2,,
Daar komt de trein aan.,"[{'m_file': 'M20241113_7205.wav', 'm_transcription': '1611'}, {'m_file': 'M20241113_7206.wav', 'm_transcription': '1611'}]","['1611', '1611']",M20241113_7206.wav,1611,V2,,
We moeten naar spoor 7.,"[{'m_file': 'M20241113_7210.wav', 'm_transcription': '1645'}, {'m_file': 'M20241113_7211.wav', 'm_transcription': '1645'}]","['1645', '1645']",M20241113_7211.wav,1645,V2,,
Wil je helpen met inchecken?,"[{'m_file': 'M20241113_7214.wav', 'm_transcription': '1648'}, {'m_file': 'M20241113_7215.wav', 'm_transcription': '1648'}, {'m_file': 'M20241113_7216.wav', 'm_transcription': '1648'}]","['1648', '1648', '1648']",M20241113_7216.wav,1648,V3,,
Dat is een boekje.,"[{'m_file': 'M20241113_7219.wav', 'm_transcription': '1651'}, {'m_file': 'M20241113_7220.wav', 'm_transcription': '1651'}]","['1651', '1651']","M20241113_7219.wav, M20241113_7220.wav","1651, 1651",V1 en V2,,
Pas op.,"[{'m_file': 'M20241113_7229.wav', 'm_transcription': '1732'}, {'m_file': 'M20241113_7230.wav', 'm_transcription': '1732'}]","['1732', '1732']",M20241113_7230.wav,1732,V2,,
stoppen voor het oversteken.,"[{'m_file': 'M20241113_7231.wav', 'm_transcription': '1733'}, {'m_file': 'M20241113_7232.wav', 'm_transcription': '1733'}, {'m_file': 'M20241113_7233.wav', 'm_transcription': '1733'}]","['1733', '1733', '1733']",M20241113_7232.wav,1733,V2,,
Zullen we straks naar beneden of wil je nog even boven op bed bij papa en mama?,"[{'m_file': 'M20241113_7248.wav', 'm_transcription': '1757'}, {'m_file': 'M20241113_7249.wav', 'm_transcription': '1757'}, {'m_file': 'M20241113_7250.wav', 'm_transcription': '1757'}]","['1757', '1757', '1757']",M20241113_7250.wav,1757,V3,,
Volgens mij zit daar regen in de wolken.,"[{'m_file': 'M20241113_7252.wav', 'm_transcription': '1920'}, {'m_file': 'M20241113_7253.wav', 'm_transcription': '1920'}, {'m_file': 'M20241113_7254.wav', 'm_transcription': '1920'}]","['1920', '1920', '1920']",M20241113_7254.wav,1920,V3,,
Zullen we een sneeuwpop maken?,"[{'m_file': 'M20241113_7261.wav', 'm_transcription': '1928'}, {'m_file': 'M20241113_7262.wav', 'm_transcription': '1928'}, {'m_file': 'M20241113_7263.wav', 'm_transcription': '1928'}]","['1928', '1928', '1928']",M20241113_7263.wav,1928,V3,,
Zullen we van binnen kijken naar de bliksem?,"[{'m_file': 'M20241113_7265.wav', 'm_transcription': '1930'}, {'m_file': 'M20241113_7266.wav', 'm_transcription': '1930'}]","['1930', '1930']",M20241113_7266.wav,1930,V2,,
Zullen we eens even kijken of je koorts hebt?,"[{'m_file': 'M20241113_7273.wav', 'm_transcription': '1955'}, {'m_file': 'M20241113_7274.wav', 'm_transcription': '1955'}]","['1955', '1955']",M20241113_7274.wav,1955,V2,,
"We gaan eerst naar de dokter, en daarna doen we samen iets leuks om te vieren hoe dapper je bent geweest.","[{'m_file': 'M20241113_7276.wav', 'm_transcription': '1965'}, {'m_file': 'M20241113_7278.wav', 'm_transcription': '1965'}, {'m_file': 'M20241113_7277.wav', 'm_transcription': '1965'}]","['1965', '1965', '1965']",,,,Y,
"Als je je zwembandjes omdoet, dan kunnen we samen in het diepere bad gaan.","[{'m_file': 'M20241113_7279.wav', 'm_transcription': '1966'}, {'m_file': 'M20241113_7280.wav', 'm_transcription': '1966'}]","['1966', '1966']",,,,Y,
Wil je onder mijn poortje doorzwemmen?,"[{'m_file': 'M20241113_7283.wav', 'm_transcription': '1989'}, {'m_file': 'M20241113_7284.wav', 'm_transcription': '1989'}]","['1989', '1989']",M20241113_7283.wav,1989,V1,,
Zullen we kopje onder?,"[{'m_file': 'M20241113_7285.wav', 'm_transcription': '1990'}, {'m_file': 'M20241113_7286.wav', 'm_transcription': '1990'}]","['1990', '1990']",M20241113_7286.wav,1990,V2,,
"Als je hulp nodig hebt, dan kom je naar mama.","[{'m_file': 'M20241113_7290.wav', 'm_transcription': '1994'}, {'m_file': 'M20241113_7291.wav', 'm_transcription': '1994'}]","['1994', '1994']",M20241113_7291.wav,1994,V2,,
"Als je naar huis wil, moet je het zeggen.","[{'m_file': 'M20241113_7116.wav', 'm_transcription': '1995'}, {'m_file': 'M20241113_7117.wav', 'm_transcription': '1995'}, {'m_file': 'M20241113_7118.wav', 'm_transcription': '1995'}, {'m_file': 'M20241113_7119.wav', 'm_transcription': '1995'}]","['1995', '1995', '1995', '1995']",M20241113_7119.wav,1995,V4,,
"Dat deed je per ongeluk, dat kan iedereen gebeuren.","[{'m_file': 'M20241113_7121.wav', 'm_transcription': '1997'}, {'m_file': 'M20241113_7122.wav', 'm_transcription': '1997'}]","['1997', '1997']",M20241113_7121.wav,1997,V1 ,,
Dat geeft niet.,"[{'m_file': 'M20241113_7123.wav', 'm_transcription': '1998'}, {'m_file': 'M20241113_7125.wav', 'm_transcription': '1998'}, {'m_file': 'M20241113_7124.wav', 'm_transcription': '1998'}]","['1998', '1998', '1998']","M20241113_7123.wav, M20241113_7125.wav, M20241113_7124.wav","1998, 1998, 1998","V1, V2 en V3",,
Dat is zwaar. Met twee handen vasthouden.,"[{'m_file': 'M20241113_7128.wav', 'm_transcription': '2000'}, {'m_file': 'M20241113_7127.wav', 'm_transcription': '2000'}]","['2000', '2000']","M20241113_7128.wav, M20241113_7127.wav","2000, 2000",V1 V2,,
"Oh nee, je vinger zat ertussen.","[{'m_file': 'M20241113_6811.wav', 'm_transcription': '2037'}, {'m_file': 'M20241113_6810.wav', 'm_transcription': '2037'}]","['2037', '2037']",M20241113_6810.wav,2037,V2,,
Papa moet nu sporten,"[{'m_file': 'M20241113_6813.wav', 'm_transcription': '2038'}, {'m_file': 'M20241113_6812.wav', 'm_transcription': '2038'}]","['2038', '2038']","M20241113_6813.wav, M20241113_6812.wav","2038, 2038",V1 en V2,,
Waar is je speen?,"[{'m_file': 'M20241113_6814.wav', 'm_transcription': '2039'}, {'m_file': 'M20241113_6815.wav', 'm_transcription': '2039'}]","['2039', '2039']","M20241113_6814.wav, M20241113_6815.wav","2039, 2039",V1 en V2,,
We zijn zo weer thuis.,"[{'m_file': 'M20241113_6817.wav', 'm_transcription': '2041'}, {'m_file': 'M20241113_6818.wav', 'm_transcription': '2041'}]","['2041', '2041']","M20241113_6817.wav, M20241113_6818.wav","2041, 2041",V1 en V2,,
Welke route wil je gaan?,"[{'m_file': 'M20241113_6819.wav', 'm_transcription': '2042'}, {'m_file': 'M20241113_6820.wav', 'm_transcription': '2042'}, {'m_file': 'M20241113_6821.wav', 'm_transcription': '2042'}]","['2042', '2042', '2042']","M20241113_6819.wav, M20241113_6820.wav, M20241113_6821.wav","2042, 2042, 2042","V1, V2 en V3",,
Welke route zullen we nemen?,"[{'m_file': 'M20241113_6822.wav', 'm_transcription': '2043'}, {'m_file': 'M20241113_6823.wav', 'm_transcription': '2043'}]","['2043', '2043']",M20241113_6823.wav,2043,V2,,
Wil je nog een keer?,"[{'m_file': 'M20241113_6825.wav', 'm_transcription': '2045'}, {'m_file': 'M20241113_6826.wav', 'm_transcription': '2045'}]","['2045', '2045']","M20241113_6825.wav, M20241113_6826.wav","2045, 2045",V1 en V2,,
Zet je zonnebril maar op.,"[{'m_file': 'M20241113_6828.wav', 'm_transcription': '2047'}, {'m_file': 'M20241113_6830.wav', 'm_transcription': '2047'}, {'m_file': 'M20241113_6831.wav', 'm_transcription': '2047'}, {'m_file': 'M20241113_6829.wav', 'm_transcription': '2047'}]","['2047', '2047', '2047', '2047']",M20241113_6831.wav,2047,V3,,
Zo is het wel genoeg.,"[{'m_file': 'M20241113_6832.wav', 'm_transcription': '2048'}, {'m_file': 'M20241113_6833.wav', 'm_transcription': '2048'}]","['2048', '2048']","M20241113_6832.wav, M20241113_6833.wav","2048, 2048",V1 en V2,,
Zal mama het maken?,"[{'m_file': 'M20241113_6834.wav', 'm_transcription': '2049'}, {'m_file': 'M20241113_6835.wav', 'm_transcription': '2049'}]","['2049', '2049']","M20241113_6834.wav, M20241113_6835.wav","2049, 2049",V1 en V2,,
zullen we daar kijken?,"[{'m_file': 'M20241113_6836.wav', 'm_transcription': '2050'}, {'m_file': 'M20241113_6837.wav', 'm_transcription': '2050'}, {'m_file': 'M20241113_6838.wav', 'm_transcription': '2050'}]","['2050', '2050', '2050']",M20241113_6838.wav,2050,V3,,
