Zin;Context;;;
Doe het klittenband van je sandalen goed dicht.;Aankleden;;;
Doe je capuchon even af.;Aankleden;;;
Doe je sjaal goed om.;Aankleden;;;
Doe je sokken goed aan.;Aankleden;;;
Duw je voeten goed in je schoenen.;Aankleden;;;
Ik help je met je knopen dichtmaken.;Aankleden;;;
Is je broek niet te strak?;Aankleden;;;
Je broek zit achterstevoren, laten we hem goed doen.;Aankleden;;;
Je hebt je shirt achterstevoren aan, draai hem even om.;Aankleden;;;
Je jas hangt aan de kapstok.;Aankleden;;;
Je kunt je sjaal om je nek doen.;Aankleden;;;
Je kunt zelf je rits omhoog trekken.;Aankleden;;;
Je mag zelf je schoenen uitzoeken.;Aankleden;;;
Je moet je jas dichtritsen, het waait buiten.;Aankleden;;;
Je moet je kraag goed naar beneden doen.;Aankleden;;;
Je moet je schoenen goed aantrekken.;Aankleden;;;
Je schoen zit aan de verkeerde voet.;Aankleden;;;
Je schoenen zijn nog niet dicht, wil je hulp?;Aankleden;;;
Je trui is binnenstebuiten, laten we hem omdraaien.;Aankleden;;;
Je veters moeten nog gestrikt worden.;Aankleden;;;
Kijk, deze jas heeft een capuchon!;Aankleden;;;
Kijk, dit shirt heeft een mooie print!;Aankleden;;;
knoop je jas maar dicht.;Aankleden;;;
Kom, we doen je pyjama uit.;Aankleden;;;
Kun je je rits dichtdoen?;Aankleden;;;
Kun je zelf je broek aantrekken?;Aankleden;;;
Kun je zelf je jas dichtritsen?;Aankleden;;;
Laten we een mooie haarband in je haar doen.;Aankleden;;;
Laten we een warme sjaal omdoen.;Aankleden;;;
Maak het klittenband los voordat je je schoenen uittrekt.;Aankleden;;;
O jee, je broek zit achterstevoren!;Aankleden;;;
Pak je slippers, we gaan naar het strand!;Aankleden;;;
Plak het klittenband stevig vast, anders gaan je schoenen los.;Aankleden;;;
Rits je vest maar dicht.;Aankleden;;;
Steek je arm door de mouw.;Aankleden;;;
Tijd om je pyjama aan te doen.;Aankleden;;;
Trek eerst je broek aan en dan je sokken.;Aankleden;;;
Trek je pyjama maar uit.;Aankleden;;;
Vandaag mag je een leuke jurk aantrekken.;Aankleden;;;
Waar is je andere sok?;Aankleden;;;
Waar zijn je handschoenen?;Aankleden;;;
Waar zijn je sokken gebleven?;Aankleden;;;
We doen een regenjas aan, het regent buiten.;Aankleden;;;
We doen nu je pyjama aan en dan gaan we slapen.;Aankleden;;;
We gaan je muts opzetten, het is koud buiten.;Aankleden;;;
We trekken vandaag laarzen aan.;Aankleden;;;
Wil je deze trui of die andere?;Aankleden;;;
Wil je een legging of een spijkerbroek aan?;Aankleden;;;
Wil je een muts op?;Aankleden;;;
Wil je je favoriete trui aan?;Aankleden;;;
Wil je je sokken uittrekken?;Aankleden;;;
Wil je op blote voeten lopen?;Aankleden;;;
Wil je schoenen met klittenband of veters?;Aankleden;;;
Dan gaan we daarna naar de slaapkamer om je aan te kleden.;Aankleden & uitkleden;;;
Deze trui mag ik eigenlijk niet aandoen van mama, maar ik doe het lekker toch.;Aankleden & uitkleden;;;
één been, andere been.;Aankleden & uitkleden;;;
Ene arm erin, andere arm erin, knoopjes dicht.;Aankleden & uitkleden;;;
Heeft mama je weer een lelijke trui aangetrokken?;Aankleden & uitkleden;;;
Hey, heb je je andere been er weer uitgehaald? Die moet er ook in.;Aankleden & uitkleden;;;
je bent er helemaal klaar voor.;Aankleden & uitkleden;;;
Jouw lievelingstrui met streepjes.;Aankleden & uitkleden;;;
Klaar voor de dag.;Aankleden & uitkleden;;;
Laten we deze aandoen, deze is mooi.;Aankleden & uitkleden;;;
Papa's lievelings trui.;Aankleden & uitkleden;;;
Wat zie je er mooi uit. ;Aankleden & uitkleden;;;
We doen even jouw sokjes uit.;Aankleden & uitkleden;;;
Welk broekje?;Aankleden & uitkleden;;;
Welk truitje zullen we vandaag aandoen?;Aankleden & uitkleden;;;
Zo, helemaal aangekleed, klaar.;Aankleden & uitkleden;;;
Ben je lekker aan het rollen?;Baby;;;
Daar is je knuffel weer!;Baby;;;
Je kijkt zo nieuwsgierig om je heen!;Baby;;;
Jouw kleine voetjes zijn zo schattig!;Baby;;;
Oh oh, kwijl op je shirtje!;Baby;;;
Oh, je handjes grijpen alles vast!;Baby;;;
Oh, wat een grote lach!;Baby;;;
Stil maar kleintje, mama is hier.;Baby;;;
Wat een grappig geluid maak jij!;Baby;;;
Wat een grote boer, goed gedaan!;Baby;;;
Wat een lieve baby ben jij!;Baby;;;
Wat knijp je hard!;Baby;;;
Wie is daar? Dat is je broertje!;Baby;;;
Wie komt daar aangelopen? Dat is papa!;Baby;;;
Wil je je knuffeldoekje?;Baby;;;
1, 2, 3, hup! ;Baby;;;
ah lekker voelen.;Baby;;;
Aw, dat is lekker zacht.;Baby;;;
Daar ben jij nog veel te klein voor.;Baby;;;
Daar lig je dan.;Baby;;;
Dat kan zo toch helemaal niet.;Baby;;;
Die doen we maar weer uit, toch weer een andere romper aan.;Baby;;;
Die moeten we dan maar weer verschonen.;Baby;;;
even de romper neerleggen ;Baby;;;
even optillen ;Baby;;;
Even rollen.;Baby;;;
Heb je een labeltje gevonden?;Baby;;;
heb je weer een beetje gespuugd?;baby;;;
Heb je weer een labeltje gevonden?;Baby;;;
Heb je weer zitten kwijlen?;baby;;;
Heb jij een schattig dik buikje?;Baby;;;
Hup, weg ermee.;Baby;;;
Ja, daar gaat het. Allemaal in Bobby's mond.;baby;;;
Je hebt ook al zulke dikke beentjes gekregen. (liefkozend tegen baby);Baby;;;
Je hebt weer helemaal op je romper gespuugd. ;Baby;;;
Je romper is weer helemaal nat. ;Baby;;;
Kleine grappenmaker;Baby;;;
Kun je al naar je buik rollen?;Baby;;;
Kun je al op je buik liggen?;Baby;;;
Lekker sabbelen.;Baby;;;
Mooie kleurtjes;Baby;;;
Mooie vormpjes;Baby;;;
Nee, niet aan mama's haar trekken, dat doet pijn. ;Baby;;;
Niet aan mama's haar trekken, dan heeft mama straks geen haar meer over.;Baby;;;
oh daar zijn je vingers!;Baby;;;
Oh ja, dat zijn je voetjes, lang niet gezien.;Baby;;;
Oh! Heb je dat op de grond gegooid?;Baby;;;
Oh, daar zijn je voetjes weer.;Baby;;;
oh, je hebt alweer op je shirtje gespuugd.;Baby;;;
Oh, je teentjes passen bijna in je mond.;Baby;;;
Oh, spuug en kwijl.;Baby;;;
Oh, spuug op je schone romper.;Baby;;;
Papa's vinger verdwijnt bijna in Bobby's mond!;baby;;;
Past dat in je mond?;Baby;;;
Waar is je handje nou gebleven?;baby;;;
Waar zijn Bobby's vingers gebleven?;Baby;;;
Waar zijn je beentjes nou gebleven?;Baby;;;
Wat ben je aan het vertellen?;Baby;;;
Wat een hoop geluidjes.;Baby;;;
wat heb je al een sterke nek.;Baby;;;
Wat heb je veel praatjes.;Baby;;;
Wat heb jij een schattig buikje;Baby;;;
Wat zie je allemaal gebeuren?;Baby;;;
Wat zit daar?;Baby;;;
We gaan je weer neerleggen. ;Baby;;;
Zitten er nog 5 teentjes aan?;Baby;;;
Drink maar lekker, dan kan je daarna weer wat anders gaan doen.;Baby, Borstvoeding;;;
Er is nog meer melk.;Baby, Borstvoeding;;;
even een boertje laten.;Baby, Borstvoeding;;;
focus, focus. Je bent melk aan het drinken.;Baby, Borstvoeding;;;
Goed zo mannetje, ga maar lekker drinken.;Baby, Borstvoeding;;;
heb je genoeg gehad? ;Baby, Borstvoeding;;;
ja, er gebeuren ook heel veel andere dingen, maar we zijn nu even melk aan het drinken.;Baby, Borstvoeding;;;
Kom maar even drinken.;Baby, Borstvoeding;;;
Laten we even de andere kant proberen.;Baby, Borstvoeding;;;
Let maar even niet op wat er allemaal gebeurt.;Baby, Borstvoeding;;;
papa is andere dingen aan het doen, maar let er maar even niet op.;Baby, Borstvoeding;;;
Ben je het eten op tafel aan het smeren? ;Baby, Eten & drinken;;;
Koffie is niet voor baby's.;Baby, Eten & drinken;;;
oh, doe dat maar niet. ;Baby, Eten & drinken;;;
Oh, wat een vieze boel. ;Baby, Eten & drinken;;;
Wil je een babyccino?;Baby, Eten & drinken;;;
Allemaal voor jou.;Baby, Flesje geven;;;
Daar komt het flesje!;Baby, Flesje geven;;;
Dan niet hoor liefje, hoeft niet.;Baby, Flesje geven;;;
Dat was niet zo veel. Heb je helemaal geen honger?;Baby, Flesje geven;;;
Er komt lekkere melk aan voor jou.;Baby, Flesje geven;;;
Goed zo kleintje, drink maar lekker.;Baby, Flesje geven;;;
Ik ben een flesje voor jou aan het maken.;Baby, Flesje geven;;;
Jammer dan.;Baby, Flesje geven;;;
kijk Bobby, een flesje voor jou.;Baby, Flesje geven;;;
Kom maar even hier dan mag je even een boertje laten.;Baby, Flesje geven;;;
Nou, dan niet.;Baby, Flesje geven;;;
Nou, goed gedronken hoor lieverdje. Laten we de rest maar even laten staan.;Baby, Flesje geven;;;
Verse melk.;Baby, Flesje geven;;;
Wil je misschien nog een boertje laten?;Baby, Flesje geven;;;
Wil je nog een beetje?;Baby, Flesje geven, Borstvoeding;;;
Gezellig hè op het terras met tante Julia.;Baby, Plaatsen;;;
Op het terras.;Baby, Plaatsen;;;
Waar zijn we nu?;Baby, Plaatsen;;;
Ga maar lekker sabbelen.;Baby, speen;;;
Heb je je speen weer gepakt?;Baby, speen;;;
Oh, de speen ligt op de grond.;Baby, speen;;;
Oh, nee je wilt geen speen.;Baby, speen;;;
oh, wil je geen speentje?;Baby, speen;;;
Wil je een speentje?;Baby, speen;;;
Aap gaat ook mee in de auto. (knuffel);Baby, Vervoer & verkeer;;;
Even lekker in de MaxiCosy zitten.;Baby, Vervoer & verkeer;;;
even riem vast.;Baby, Vervoer & verkeer;;;
even vastmaken.;Baby, Vervoer & verkeer;;;
Ga maar even lekker een dutje doen in de auto.;Baby, Vervoer & verkeer;;;
Je mag in de MaxiCosy zitten.;Baby, Vervoer & verkeer;;;
Riem goed vast, even goed vastzetten.;Baby, Vervoer & verkeer;;;
we gaan even lekker een stukje rijden.;Baby, Vervoer & verkeer;;;
wil je naar buiten kijken?;Baby, Vervoer & verkeer;;;
Zit je stevig vast?;Baby, Vervoer & verkeer;;;
Wat ben jij lekker warm in je slaapzakje!;Baby/Naar bed gaan;;;
Kiekeboe! Daar ben je weer!;Baby/Spelen;;;
Zullen we kiekeboe spelen?;Baby/Spelen;;;
gezellig, we hebben bezoek.;Bezoek;;;
hey, maar die ken je toch wel? Dat is oom Luuk. (naamgebaar Luuk = BLOND met L handvorm);Bezoek;;;
Oh, maar die kennen we wel.;Bezoek;;;
Weet je nog wie dat is?;Bezoek;;;
Deze boekjes mag je zelf uit de kast pakken.;Bibliotheek;;;
Dit boek hebben we al eens gelezen, wil je een andere?;Bibliotheek;;;
Dit boek heeft flapjes, wil je kijken wat eronder zit?;Bibliotheek;;;
Dit boek heeft heel mooie tekeningen!;Bibliotheek;;;
Dit boek is een beetje te moeilijk voor nu.;Bibliotheek;;;
Je mag zelf je bibliotheekpas geven.;Bibliotheek;;;
Kijk, hier is een nieuw boek dat je nog niet kent.;Bibliotheek;;;
Kijk, hier zijn de kinderboeken.;Bibliotheek;;;
Laten we een boek over treinen zoeken.;Bibliotheek;;;
Laten we een boek zoeken over dieren.;Bibliotheek;;;
Vandaag mag jij het boek uitkiezen.;Bibliotheek;;;
Wat een dikke stapel boeken heb je uitgekozen!;Bibliotheek;;;
We brengen de boeken weer op tijd terug.;Bibliotheek;;;
We gaan een boek voor het slapengaan kiezen.;Bibliotheek;;;
We gaan een leuk boek uitkiezen.;Bibliotheek;;;
We moeten het boek goed terugzetten op de juiste plek.;Bibliotheek;;;
We moeten voorzichtig zijn met de boeken.;Bibliotheek;;;
We moeten zachtjes praten in de bibliotheek.;Bibliotheek;;;
We mogen maar een paar boekjes meenemen.;Bibliotheek;;;
We stoppen het boek voorzichtig in de tas.;Bibliotheek;;;
Wil je dat ik dit boekje voorlees?;Bibliotheek;;;
Wil je een boek lenen of alleen hier lezen?;Bibliotheek;;;
Wil je een boek met veel plaatjes?;Bibliotheek;;;
Wil je een prentenboek of een voorleesboek?;Bibliotheek;;;
Wil je een spannend boek of een grappig boek?;Bibliotheek;;;
Wil je even bladeren in dit boek?;Bibliotheek;;;
Zullen we een boek over prinsessen zoeken?;Bibliotheek;;;
De winkelwagen is nu vol!;Boodschappen;;;
Deze winkel heeft ook een bakkerij.;Boodschappen;;;
Doe de zware boodschappen maar onderin de tas.;Boodschappen;;;
Duw het winkelwagentje maar voorzichtig.;Boodschappen;;;
Help je mee alles in de tassen doen?;Boodschappen;;;
Je mag zelf de tomaten in de zak doen.;Boodschappen;;;
Kijk, hier is de kassa.;Boodschappen;;;
Kijk, hier zijn de koekjes!;Boodschappen;;;
Kun je even kijken of we nog brood nodig hebben?;Boodschappen;;;
Kun je het pak sap aangeven?;Boodschappen;;;
Kun jij de boodschappen op de band leggen?;Boodschappen;;;
Laten we even bij de aanbiedingen kijken.;Boodschappen;;;
Laten we kijken of we alles hebben.;Boodschappen;;;
Pak jij de boodschappenmand?;Boodschappen;;;
Pak maar heel voorzichtig een doosje eieren.;Boodschappen;;;
Vandaag mag jij iets lekkers uitkiezen.;Boodschappen;;;
We gaan de boodschappen in de fietstas doen.;Boodschappen;;;
We gaan de kassabon even bekijken.;Boodschappen;;;
We gaan nu naar de kassa toe.;Boodschappen;;;
We hebben een boodschappenlijstje nodig.;Boodschappen;;;
We kopen nog iets lekkers voor in het weekend.;Boodschappen;;;
We moeten even in de rij wachten.;Boodschappen;;;
We moeten niet vergeten eieren te kopen.;Boodschappen;;;
We moeten nog broodbeleg kiezen.;Boodschappen;;;
We moeten snel zijn, want het is bijna sluitingstijd.;Boodschappen;;;
Wil je een muntje voor het winkelwagentje pakken?;Boodschappen;;;
Wil je een nieuwe smaak yoghurt proberen?;Boodschappen;;;
Wil je een stukje kaas proeven?;Boodschappen;;;
Wil je helpen de flesjes in de krat te zetten?;Boodschappen;;;
Wil je helpen de groenten te wegen?;Boodschappen;;;
Wil je in de kinderwagen of loop je zelf?;Boodschappen;;;
Wil jij het bonnetje pakken?;Boodschappen;;;
Zet het pak melk maar in de kar.;Boodschappen;;;
Zullen we eerst naar de groente-afdeling?;Boodschappen;;;
De supermarkt is hier om de hoek.;Boodschappen doen;;;
Dat geluid komt van de krekels.;Buiten;;;
De bijen vliegen van bloem naar bloem.;Buiten;;;
De bloemen hebben water nodig.;Buiten;;;
De wind blaast de blaadjes weg!;Buiten;;;
De wind waait door de bomen.;Buiten;;;
De zonsondergang is zo mooi!;Buiten;;;
Er zitten kikkers in de sloot!;Buiten;;;
Er zitten visjes in de vijver.;Buiten;;;
Het is herfst, kijk naar de gekleurde blaadjes!;Buiten;;;
Het water voelt nog een beetje koud aan.;Buiten;;;
Hier zijn zaadjes om te planten.;Buiten;;;
Hoor je de vogels fluiten?;Buiten;;;
In de schaduw van de boom is het lekker koel.;Buiten;;;
Je mag de bloemen niet plukken.;Buiten;;;
Kijk, daar zijn schapen in de wei!;Buiten;;;
Kijk, een mooie vlinder!;Buiten;;;
Kijk, een slak kruipt over het pad.;Buiten;;;
Kijk, er groeien appels aan de boom!;Buiten;;;
Kijk, er zitten waterdruppeltjes op het spinnenweb!;Buiten;;;
Kun je de kikkers horen kwaken?;Buiten;;;
Kun je een grote steen vinden?;Buiten;;;
Laten we blaadjes verzamelen.;Buiten;;;
Pas op, daar is een wesp!;Buiten;;;
Pas op, deze stenen zijn heel glad.;Buiten;;;
Ruik eens, deze bloem ruikt lekker!;Buiten;;;
Wat een boel sterren!;Buiten;;;
We gaan een hut bouwen in het bos.;Buiten;;;
We gaan een tak zoeken voor een hut.;Buiten;;;
We gaan kijken of we eikels kunnen vinden.;Buiten;;;
We gaan mooie schelpen zoeken.;Buiten;;;
We gaan naar het bos wandelen.;Buiten;;;
We maken zandtaartjes!;Buiten;;;
We rennen naar de heuvel en weer terug.;Buiten;;;
Wil je de konijnen eten geven?;Buiten;;;
Wil je helpen deze bloem te planten?;Buiten;;;
Wil je helpen met water geven?;Buiten;;;
Wil je in de zandbak spelen?;Buiten;;;
Wil je vliegeren?;Buiten;;;
Zullen we een insect zoeken?;Buiten;;;
Ga je takken zoeken?;Buiten spelen;;;
Kom, we rennen naar de boom en weer terug.;Buiten spelen;;;
Kun je over de boomstam lopen?;Buiten spelen;;;
Laat de steentjes maar liggen.;Buiten spelen;;;
Pas op, de glijbaan is nog nat.;Buiten spelen;;;
Pas op, de schommel gaat hard!;Buiten spelen;;;
Rennen maar!;Buiten spelen;;;
Trek je laarzen aan, dan gaan we in de modder spelen.;Buiten spelen;;;
Waar zullen we het zandkasteel bouwen?;Buiten spelen;;;
Wil je met het water spelen?;Buiten spelen;;;
Wil je met je schepje graven?;Buiten spelen;;;
Als het te veel geluid is op school, mag je dat zeggen.;CI & gehoorapparaat;;;
Als je iets niet hoort, kun je dat gewoon zeggen.;CI & gehoorapparaat;;;
Als je je CI verliest, dan moet je het meteen zeggen, oké?;CI & gehoorapparaat;;;
Als je je gehoorapparaat af hebt, blijf dan goed naar mama kijken.;CI & gehoorapparaat;;;
De juf weet dat je een CI hebt, zij helpt je als het nodig is.;CI & gehoorapparaat;;;
Even controleren of alles het nog goed doet.;CI & gehoorapparaat;;;
Even je oor droogmaken voordat we je apparaatje indoen.;CI & gehoorapparaat;;;
Geeft niks, soms raak je hem even kwijt. We vinden hem wel.;CI & gehoorapparaat;;;
Heb je je CI en hoortoestel in?;CI & gehoorapparaat;;;
Hoor je me nu beter?;CI & gehoorapparaat;;;
Ik kijk even of je CI goed vastzit.;CI & gehoorapparaat;;;
Is het geluid gek? Dan moeten we misschien even naar de audicien.;CI & gehoorapparaat;;;
Je apparaatjes helpen je om te horen, maar mama gebruikt ook gebaren.;CI & gehoorapparaat;;;
Je hoortoestel mag af voor het slapen.;CI & gehoorapparaat;;;
Je mag er niet mee in bad of onder de douche.;CI & gehoorapparaat;;;
Je mag zelf zeggen als je hem even niet op wilt.;CI & gehoorapparaat;;;
Je oren zijn bijzonder, daarom heb jij apparaatjes.;CI & gehoorapparaat;;;
Jij mag ook gewoon gebaren als dat makkelijker is.;CI & gehoorapparaat;;;
Morgen doen we je CI weer op.;CI & gehoorapparaat;;;
Niet met natte handen aan je CI zitten.;CI & gehoorapparaat;;;
Niet trekken aan je hoortoestel.;CI & gehoorapparaat;;;
Ojee, waar heb je je hoortoestel voor het laatst gehad?;CI & gehoorapparaat;;;
Soms hoor je minder goed als het druk is, dat is niet erg.;CI & gehoorapparaat;;;
We doen eerst je apparaatjes in, dan gaan we naar buiten.;CI & gehoorapparaat;;;
We doen je hoortoestel in het doosje, dan raakt het niet kwijt.;CI & gehoorapparaat;;;
Wil je je CI even af? Dan leg ik hem veilig weg.;CI & gehoorapparaat;;;
Wil je je CI liever even af? Dat mag.;CI & gehoorapparaat;;;
Zal ik aan de juf vertellen hoe jouw CI werkt?;CI & gehoorapparaat;;;
Zal ik hem voor je afdoen of wil je het zelf doen?;CI & gehoorapparaat;;;
Zeg het maar als je iemand niet goed kunt verstaan.;CI & gehoorapparaat;;;
Zit je CI goed?;CI & gehoorapparaat;;;
Zonder je CI is het lekker rustig hè?;CI & gehoorapparaat;;;
Zullen we je apparaatjes even afdoen?;CI & gehoorapparaat;;;
Zullen we samen je hoortoestel aandoen voor de spiegel?;CI & gehoorapparaat;;;
Zullen we samen je hoortoestel schoonmaken?;CI & gehoorapparaat;;;
Jij hebt één CI en één hoortoestel.;CI & gehoorapparaat;;;
Wil je je CI op?;CI & gehoorapparaat;;;
Wil je je hoortoestel op?;CI & gehoorapparaat;;;
Wil je je hoortoestel liever even niet op?;CI & gehoorapparaat;;;
Werkt je CI goed?;CI & gehoorapparaat;;;
Is de batterij van je hoortoestel op?;CI & gehoorapparaat;;;
De batterij van je CI is op. Ik pak even een nieuwe.;CI & gehoorapparaat;;;
Je CI mag niet nat worden.;CI & gehoorapparaat;;;
Als je gaat douchen, moet je hoortoestel even af.;CI & gehoorapparaat;;;
Als je gaat zwemmen, moet je CI even af.;CI & gehoorapparaat;;;
We gaan straks naar de audicien.;CI & gehoorapparaat;;;
We gaan morgen naar de audioloog.;CI & gehoorapparaat;;;
De audioloog gaat een hoortest doen, zodat ze je hoortoestel goed in kan stellen.;CI & gehoorapparaat;;;
De audicien gaat iets in je oor doen om te meten hoe groot je oorstukje moet worden.;CI & gehoorapparaat;;;
We zijn je CI kwijt. Waar zou die kunnen zijn?;CI & gehoorapparaat;;;
Kijk, dat jongetje heeft ook een hoortoestel, net als jij.;CI & gehoorapparaat;;;
Kijk, die mevrouw heeft ook een CI, net als jij.;CI & gehoorapparaat;;;
Dit is de afstandbediening van jouw CI. Als ik dit knopje indruk dan gaat je CI aan.;CI & gehoorapparaat;;;
Dat was heel vriendelijk van jou!;Complimenten;;;
Ik merk dat je steeds beter wordt in dit spel!;Complimenten;;;
Ik zie dat je daar echt plezier in hebt, wat fijn!;Complimenten;;;
Ik zie dat je je best hebt gedaan en dat vind ik geweldig!;Complimenten;;;
Je bent echt een fijne vriendin.;Complimenten;;;
Je bent een goed voorbeeld voor je zusje!;Complimenten;;;
Je bent zo behulpzaam!;Complimenten;;;
Je bent zo geduldig geweest.;Complimenten;;;
Je hebt dat spel heel eerlijk gespeeld!;Complimenten;;;
Je hebt echt een groot hart.;Complimenten;;;
Je hebt echt je best gedaan, dat zie ik!;Complimenten;;;
Je hebt een hele goede keuze gemaakt.;Complimenten;;;
Je hebt goed aan de regels gedacht.;Complimenten;;;
Je hebt goed naar de aanwijzingen geluisterd.;Complimenten;;;
Je hebt goed nagedacht over hoe je dat wilde doen.;Complimenten;;;
Je hebt goed samengewerkt met je vriendjes.;Complimenten;;;
Je hebt het probleem helemaal zelf opgelost, knap hoor!;Complimenten;;;
Je hebt laten zien dat je een echte doorzetter bent.;Complimenten;;;
Je hebt vandaag zo goed meegedaan!;Complimenten;;;
Je hebt zoveel geleerd, dat is knap!;Complimenten;;;
Je helpt zo goed mee, dat is fijn.;Complimenten;;;
Jij bent zo goed in verhalen vertellen!;Complimenten;;;
Jij kunt echt al goed dingen uitleggen.;Complimenten;;;
Jij maakt anderen blij!;Complimenten;;;
Wat ben je lief voor de dieren!;Complimenten;;;
Wat ben jij creatief!;Complimenten;;;
Wat ben jij een doorzetter!;Complimenten;;;
Wat ben jij leergierig!;Complimenten;;;
Wat ben jij lekker zelfstandig bezig!;Complimenten;;;
Wat ben jij toch een vrolijk kindje!;Complimenten;;;
Wat een fijne sfeer maak jij!;Complimenten;;;
Wat een geweldige oplossing heb je bedacht!;Complimenten;;;
Wat een lief lachje!;Complimenten;;;
Wat een slim idee had jij net!;Complimenten;;;
Wat een zachte wangetjes heb jij!;Complimenten;;;
Wat fijn dat je anderen zo respectvol behandelt!;Complimenten;;;
Wat fijn dat je eerst even nadenkt voor je iets doet.;Complimenten;;;
Wat fijn dat je even hebt geholpen.;Complimenten;;;
Wat fijn dat je zo goed hebt geholpen.;Complimenten;;;
Wat goed dat je zo netjes hebt opgeruimd.;Complimenten;;;
Wat heb je dat mooi gezegd.;Complimenten;;;
Wat knap dat je dat helemaal zelf hebt gedaan!;Complimenten;;;
Wat leuk dat je zo enthousiast bent!;Complimenten;;;
Wat leuk om te zien dat je zo blij bent!;Complimenten;;;
Wat maak je het gezellig!;Complimenten;;;
Wat mooi dat je iets voor iemand anders deed.;Complimenten;;;
Goed bezig.;Complimenten;;;
Goed zo. Jaaa! Het is je gelukt.;Complimenten;;;
knappe meid;Complimenten;;;
Wat ben je al sterk!;Complimenten;;;
Wat ben jij al een stoere, grote meid!;Complimenten;;;
wat heb je je goed gedragen.;Complimenten;;;
Wat kun je dat al goed!;Complimenten;;;
Het gaat goed.;Consultatiebureau;;;
Het is oké.;Consultatiebureau;;;
Het is zo wel weer over.;Consultatiebureau;;;
Hier heb je een lekker dekentje.;Consultatiebureau;;;
Je hebt even wat prikjes gehad, maar dat is alleen maar goed voor je.;Consultatiebureau;;;
kijk, we waren hier al een keer.;Consultatiebureau;;;
Stil maar. ;Consultatiebureau;;;
We gaan zo naar het consultatiebureau.;Consultatiebureau;;;
Weet je nog dat we hier waren? Toen was je nog heel klein.;Consultatiebureau;;;
Aai maar voorzichtig, anders schrikt de kat.;Dieren;;;
Als de poes nog niet wil spelen, moeten we haar even rust geven.;Dieren;;;
Als je rustig doet, komt de hond naar je toe.;Dieren;;;
Blijf maar even uit de buurt van de hond.;Dieren;;;
De cavia zit verscholen in zijn hok.;Dieren;;;
De eend heeft een mooi gele snavel.;Dieren;;;
De geitjes kunnen heel snel rennen.;Dieren;;;
De haan kraait elke ochtend.;Dieren;;;
De hond heeft zijn speeltje meegenomen.;Dieren;;;
De kangoeroe heeft een buidel voor haar baby.;Dieren;;;
De kat is zichzelf aan het schoonlikken.;Dieren;;;
De koe is aan het grazen.;Dieren;;;
De leeuw brult heel hard.;Dieren;;;
De pauw heeft een heel mooie staart!;Dieren;;;
De pauw spreidt zijn veren uit, wat mooi!;Dieren;;;
De pinguïn waggelt grappig over het ijs.;Dieren;;;
De poes is lekker aan het spinnen.;Dieren;;;
De zeehond kan goed zwemmen, zie je dat?;Dieren;;;
Heeft de kip eieren?;Dieren;;;
Het paard is heel groot, kun je hem aaien?;Dieren;;;
Kijk, daar is een eend in de vijver.;Dieren;;;
Kijk, de dolfijn springt uit het water!;Dieren;;;
Kijk, de geitjes spelen samen.;Dieren;;;
Kijk, de giraffen eten blaadjes uit de boom!;Dieren;;;
Kijk, die vis zwemt heel snel.;Dieren;;;
Kijk, een konijntje! Schattig, hè?;Dieren;;;
Kijk, een regenworm in de grond!;Dieren;;;
Kijk, er loopt een muis door het gras.;Dieren;;;
Kijk, het schaap heeft een heel dikke vacht van wol!;Dieren;;;
Koeien hebben uiers.;Dieren;;;
Let op, de kat is aan het slapen.;Dieren;;;
Wat voor dier denk jij dat het is?;Dieren;;;
Wat voor soort dier zou je willen hebben als huisdier?;Dieren;;;
We kunnen naar het Vondelpark gaan.;Dieren;;;
Wil je de vogels uit de kooi halen?;Dieren;;;
Zie je het kalfje in de wei?;Dieren;;;
Zullen we de hond even roepen?;Dieren;;;
Zullen we voer in het vogelhuisje doen?;Dieren;;;
Als je goed luistert, is het zo voorbij!;Dokter;;;
Als je klaar bent, gaan we iets leuks doen!;Dokter;;;
Als je stilzit, doet het helemaal geen pijn.;Dokter;;;
De dokter gaat even in je oortjes kijken, dat kietelt een beetje!;Dokter;;;
De dokter gaat even luisteren naar je ademhaling.;Dokter;;;
De dokter gaat je buik zachtjes voelen.;Dokter;;;
De dokter heeft een grote jas aan, net als in het boek!;Dokter;;;
De dokter heeft een lampje om goed te kijken.;Dokter;;;
De dokter kijkt even met een klein spiegeltje in je keel.;Dokter;;;
De dokter kijkt of je groot en sterk wordt.;Dokter;;;
De dokter kijkt of je oren schoon zijn.;Dokter;;;
De dokter luistert met een stethoscoop, dat voelt een beetje koud!;Dokter;;;
De dokter schrijft op hoe groot je bent geworden.;Dokter;;;
De dokter tikt zachtjes op je knietje, dat is een test.;Dokter;;;
Een prikje helpt om je sterk te houden!;Dokter;;;
Even diep inademen en weer uitblazen!;Dokter;;;
Even op de weegschaal staan, net als een grote meid!;Dokter;;;
Het dokterslampje schijnt een beetje, maar dat is niet eng.;Dokter;;;
Je krijgt misschien een pleister, kies maar een mooie kleur!;Dokter;;;
Je mag je knuffel meenemen als je dat fijn vindt.;Dokter;;;
Je mag kiezen: een pleister met dieren of met sterretjes!;Dokter;;;
Je mag papa's hand vasthouden als je wilt.;Dokter;;;
Je mag vragen stellen aan de dokter.;Dokter;;;
Kijk, de dokter heeft een knuffel op de tafel staan!;Dokter;;;
Misschien krijg je wel een klein drankje als medicijn.;Dokter;;;
We gaan even kijken hoeveel je bent gegroeid.;Dokter;;;
We gaan naar de dokter om je te helpen beter te worden.;Dokter;;;
We tellen samen tot drie en dan is het prikje klaar.;Dokter;;;
We wachten even in de wachtkamer, dan ben jij zo aan de beurt!;Dokter;;;
Wil je helpen de thermometer vast te houden?;Dokter;;;
Zeg maar ‘aaa’, dan kan de dokter in je mond kijken.;Dokter;;;
De dokter gaat even naar je kijken.;Dokter;;;
De dokter gaat je even goed onderzoeken.;Dokter;;;
We gaan toch even naar je laten kijken.;Dokter;;;
Het is niet erg om een foutje te maken.;Emoties;;;
Het is niet erg om even te huilen.;Emoties;;;
Het is niet erg om je zo te voelen.;Emoties;;;
Hey meissie, gaat het een beetje goed met jou?;Emoties;;;
Ik blijf bij je totdat je je beter voelt.;Emoties;;;
Ik snap dat je boos bent, maar slaan mag niet.;Emoties;;;
Ik zie dat je heel trots bent, goed gedaan!;Emoties;;;
Je hebt het zo goed geprobeerd, daar ben ik trots op!;Emoties;;;
Je mag altijd met mij praten als iets niet fijn voelt.;Emoties;;;
Je mag me altijd om een knuffel vragen.;Emoties;;;
Je mag trots zijn op jezelf.;Emoties;;;
Jij bent uniek en dat is prachtig!;Emoties;;;
Jij hebt een heel groot hart!;Emoties;;;
Kom, we ademen even diep in en uit.;Emoties;;;
rustig maar kleintje, het komt wel weer goed!;Emoties;;;
Soms ben je boos, en dat is helemaal niet erg.;Emoties;;;
Soms helpt het om even te zingen of te dansen.;Emoties;;;
Soms is het lastig om te wachten, hè?;Emoties;;;
Soms is het moeilijk om je gevoel te begrijpen.;Emoties;;;
Soms voelt iets niet eerlijk, dat snap ik.;Emoties;;;
Wat fijn dat je zegt hoe je je voelt.;Emoties;;;
Wat helpt jou om weer rustig te worden?;Emoties;;;
Wat is er toch aan de hand?;Emoties;;;
Wat kun je doen als je boos bent, in plaats van schreeuwen?;Emoties;;;
We kunnen even samen iets leuks doen.;Emoties;;;
Wil je even een rustig plekje zoeken?;Emoties;;;
Wil je vertellen wat er is?;Emoties;;;
ben je alweer zo moe?;Emoties;;;
Ben je zo aan het lachen?;Emoties;;;
ben je zo blij om mama te zien?;Emoties;;;
Dadelijk mag je lekker naar bed.;Emoties;;;
Heb je zo'n leuke dag? ;Emoties;;;
Heb jij er weer zin in? ;Emoties;;;
Het valt toch wel mee?;Emoties;;;
Het valt wel mee.;Emoties;;;
ik ben zo blij met jou!  ;Emoties;;;
Ik vind het zo leuk om met jou te zijn. ;Emoties;;;
Is het echt zo erg?;Emoties;;;
kijk, daar is papa weer, zo gezellig. ;Emoties;;;
nou, mevrouwtje, zo erg is het allemaal niet. ;Emoties;;;
Nou, nou, nou. Is het nou zo erg?;Emoties;;;
Oh, ben je een beetje chagrijnig?;Emoties;;;
oh, heb je alweer zo'n honger?;Emoties;;;
Papa gaat altijd bij jou blijven. ;Emoties;;;
Papa is zo blij met jou. ;Emoties;;;
Rustig maar, hier heb je aap. (knuffel);Emoties;;;
schatje, toch.;Emoties;;;
Verveel je je? ;Emoties;;;
Vrolijke meid.;Emoties;;;
Allemaal opgegeten!;Eten & drinken;;;
Appel met pindakaas.;Eten & drinken;;;
Chocolaatje of een aardbei? Je mag kiezen.;Eten & drinken;;;
Dat heeft mama speciaal voor jou gemaakt.;Eten & drinken;;;
Dat is niet voor baby's.;Eten & drinken;;;
Dat is niet voor jou.;Eten & drinken;;;
Dat mag jij nog niet.;Eten & drinken;;;
De tafel kun je niet eten.;Eten & drinken;;;
Dit is voor papa en mama.;Eten & drinken;;;
Dit kan zo toch niet langer.;Eten & drinken;;;
even rustig aan, kleine.;Eten & drinken;;;
Ga jij een koekje pakken?;Eten & drinken;;;
Gebruik maar je bovenlip zo om het eraf te happen.;Eten & drinken;;;
Goed zo, eet maar lekker.;Eten & drinken;;;
hap, hap, hap, hap.;Eten & drinken;;;
Heb je een beetje trek?;Eten & drinken;;;
Heb je nog honger?;Eten & drinken;;;
Heb je zin in een beetje appel?;Eten & drinken;;;
Heb je zomaar een koekje te pakken?;Eten & drinken;;;
Hupsakee.;Eten & drinken;;;
Ik heb lekker een hapje met appel voor je.;Eten & drinken;;;
Ja, dat vind je lekker.;Eten & drinken;;;
Je bent nog te jong voor een koekje,;Eten & drinken;;;
Je hebt papa's hele vest ondergesmeerd met appel en pindakaas.;Eten & drinken;;;
Jij hebt net lekker bloemkool gegeten.;Eten & drinken;;;
jij krijgt zo te eten. Nu moeten papa en mama even eten.;Eten & drinken;;;
kijk, lekkere appel, ziet er heerlijk uit.;Eten & drinken;;;
kom er maar gezellig bij.;Eten & drinken;;;
Kom maar even hier, gaan we even zitten.;Eten & drinken;;;
Kopje koffie.;Eten & drinken;;;
Laat papa en mama maar heel even eten.;Eten & drinken;;;
Lekker rijst.;Eten & drinken;;;
maak je er weer een beetje een knoeiboel van?;Eten & drinken;;;
nee, de lepel moet zo, dan kan je het goed eraf happen.;Eten & drinken;;;
nee, zo kan je niet eten.;Eten & drinken;;;
Niet het bakje pakken;Eten & drinken;;;
Niet op je hoofdje smeren.;Eten & drinken;;;
Nu zijn papa en mama aan het eten.;Eten & drinken;;;
nu zit het ook nog in je eigen haar.;Eten & drinken;;;
oh, op de grond!;Eten & drinken;;;
Pak het lepeltje maar goed vast.;Eten & drinken;;;
Papa gaat even koffie zetten.;Eten & drinken;;;
Speciaal voor Bobby.;Eten & drinken;;;
stil maar, we zijn even aan het eten. Jij mag straks weer eten.;Eten & drinken;;;
Wat ben jij aan het doen met die lepel, stouterd? (liefkozend naar baby);Eten & drinken;;;
Wat ben jij van plan met dat koekje?;Eten & drinken;;;
Wat ben jij van plan?;Eten & drinken;;;
Wat gaat ermee gebeuren?;Eten & drinken;;;
wil jij ook een kopje koffie?;Eten & drinken;;;
Als je genoeg hebt gegeten, mag je van tafel.;Eten en drinken;;;
Als je rustig eet, kun je alles goed proeven.;Eten en drinken;;;
Ben je klaar voor je flesje?;Eten en drinken;;;
De melk moet nog even opwarmen.;Eten en drinken;;;
Drink even een slokje water tussendoor.;Eten en drinken;;;
Drink nog maar even door, je moet goed drinken;Eten en drinken;;;
Eerst proeven en dan beslissen of je het lust.;Eten en drinken;;;
Even wachten, mama blaast het eten nog even koud.;Eten en drinken;;;
Goed kauwen, dan kun je beter slikken.;Eten en drinken;;;
Goed zo, je hebt een grote hap genomen!;Eten en drinken;;;
Het eten is klaar, kom maar aan tafel!;Eten en drinken;;;
Je hebt heel netjes gegeten, goed zo!;Eten en drinken;;;
Je mag helpen met de druiven wassen.;Eten en drinken;;;
Je mag je beker zelf vasthouden.;Eten en drinken;;;
Je mag zelf je beker vullen met water.;Eten en drinken;;;
Je mag zelf kiezen welk fruit je wilt.;Eten en drinken;;;
Je mag zelf roeren in je yoghurt.;Eten en drinken;;;
Kijk, je hebt bijna alles op!;Eten en drinken;;;
Kijk, je hebt je hele boterham opgegeten!;Eten en drinken;;;
Laten we samen een smoothie maken!;Eten en drinken;;;
Laten we tellen hoeveel happen je nog neemt.;Eten en drinken;;;
Niet te snel eten, dan krijg je buikpijn.;Eten en drinken;;;
Oh jee, weer een beetje melk gemorst.;Eten en drinken;;;
Pas op, de soep is nog warm.;Eten en drinken;;;
Vandaag eten we iets nieuws, wil je proeven?;Eten en drinken;;;
Wat een grote slok, knap gedaan!;Eten en drinken;;;
Wat een lekker warm flesje melk!;Eten en drinken;;;
Wat een lekkere boterham heb jij!;Eten en drinken;;;
Wat een mooie kleuren hebben de groenten!;Eten en drinken;;;
Wat ruikt het eten lekker!;Eten en drinken;;;
We eten gezellig samen aan tafel.;Eten en drinken;;;
We eten met een vork en niet met de handjes.;Eten en drinken;;;
We ruimen samen op na het eten.;Eten en drinken;;;
Wil je de pasta met een vork of een lepel eten?;Eten en drinken;;;
Wil je een klein stukje of een groot stuk?;Eten en drinken;;;
Wil je helpen met de komkommer snijden?;Eten en drinken;;;
Wil je met een lepel of met een vork eten?;Eten en drinken;;;
Zullen we een picknick in de woonkamer doen?;Eten en drinken;;;
Goed drinken, het is warm.;Eten en drinken, het weer;;;
Blijf maar lekker spelen, ik ben zo terug.;Even weg;;;
De deurbel gaat, ik doe even open.;Even weg;;;
Ik ben even met de buurvrouw aan het praten.;Even weg;;;
Ik ben in de gang, als je me zoekt.;Even weg;;;
Ik ben vlakbij, je kunt me roepen.;Even weg;;;
Ik ben zo terug, ik ga even naar de wc.;Even weg;;;
Ik doe even een lampje aan.;Even weg;;;
Ik ga even de boodschappen uit de auto halen.;Even weg;;;
Ik ga even de deur openmaken voor de pakketbezorger.;Even weg;;;
Ik ga even de post pakken.;Even weg;;;
Ik ga even de wasmachine aanzetten.;Even weg;;;
Ik ga even een glas water halen.;Even weg;;;
Ik ga even een kopje thee zetten.;Even weg;;;
Ik ga even iets uit de schuur pakken.;Even weg;;;
Ik ga even naar binnen om iets te pakken.;Even weg;;;
Ik ga even naar buiten om de konijnen eten te geven.;Even weg;;;
Ik ga even naar de auto.;Even weg;;;
Ik loop even naar de tuin, kom je zo?;Even weg;;;
Ik loop even naar de winkel, ik ben snel terug.;Even weg;;;
Ik moet even iemand bellen, maar ik ben zo terug.;Even weg;;;
Ik word gebeld, ik neem even op.;Even weg;;;
Heb je een gezellige dag gehad met opa en oma?;Familie & personen;;;
Mama gaat even plassen. ;Familie & personen;;;
Wat is papa aan het doen? ;Familie & personen;;;
We zijn weer met z'n drieën. ;Familie & personen;;;
Dit is het huis van oma en opa.;Familie en personen;;;
Je hebt een grote broer.;Familie en personen;;;
Je hebt een hele lieve familie!;Familie en personen;;;
Je kleine zusje houdt heel veel van jou!;Familie en personen;;;
Je mag oma helpen met koekjes bakken.;Familie en personen;;;
Je mag opa een dikke knuffel geven.;Familie en personen;;;
Je mag straks helpen bij opa in de tuin.;Familie en personen;;;
Je neefje wil graag met je spelen.;Familie en personen;;;
Mama belt even met opa, wil je hallo zeggen?;Familie en personen;;;
Oma heeft een cadeautje voor je meegenomen.;Familie en personen;;;
Opa en oma vinden het altijd fijn om jou te zien.;Familie en personen;;;
Opa en oma zijn blij om jou te zien!;Familie en personen;;;
Opa en oma zijn trots op jou!;Familie en personen;;;
Opa vertelt graag mooie verhalen.;Familie en personen;;;
Papa en mama houden heel veel van jou!;Familie en personen;;;
Papa komt zo thuis!;Familie en personen;;;
We gaan een cadeautje uitzoeken voor oma.;Familie en personen;;;
We gaan een foto van de hele familie maken!;Familie en personen;;;
We gaan een videoboodschap sturen naar oma.;Familie en personen;;;
We gaan straks naar het huis van je nichtje.;Familie en personen;;;
We maken een mooi knutselwerkje voor opa.;Familie en personen;;;
We maken een mooie foto voor opa en oma.;Familie en personen;;;
We sturen een kaartje naar opa en oma.;Familie en personen;;;
Wie mis je het meest?;Familie en personen;;;
Wie wil jij bellen? Opa of oma?;Familie en personen;;;
Wil je een tekening maken voor je tante?;Familie en personen;;;
Wil je een verhaaltje horen over vroeger?;Familie en personen;;;
Wil je kijken naar oude foto's?;Familie en personen;;;
Wil je met je neefjes spelen?;Familie en personen;;;
Wil je oma een kusje geven?;Familie en personen;;;
Zullen we een mooi liedje zingen voor oma?;Familie en personen;;;
Zullen we een verhaaltje vertellen aan opa?;Familie en personen;;;
Als je een deur heel hard dichtslaat, kunnen anderen schrikken.;Geluiden;;;
Als je je speelgoed laat vallen, maakt dat veel geluid.;Geluiden;;;
De stofzuiger maakt veel lawaai.;Geluiden;;;
De telefoon maakt geluid als iemand belt.;Geluiden;;;
De vogels fluiten buiten.;Geluiden;;;
Je praat nu heel zacht, kan je iets harder praten?;Geluiden;;;
Je stem is nu erg luid, probeer eens wat zachter te praten.;Geluiden;;;
Kijk eens naar de anderen, ze schrikken een beetje van het harde geluid.;Geluiden;;;
Kijk, de hond blaft!;Geluiden;;;
Sommige geluiden kun je ook voelen.;Geluiden;;;
Sommige mensen vinden harde geluiden niet fijn, laten we wat zachter doen.;Geluiden;;;
Voel je de trillingen van de muziek?;Geluiden;;;
Voel maar, de wasmachine trilt als hij aanstaat.;Geluiden;;;
Als de donder dichtbij is, dan trilt de grond een beetje.;Geluiden/het weer;;;
De bliksem komt eerst, daarna komt de donder.;Geluiden/het weer;;;
Donder klinkt voor horende mensen als een heel hard geluid, maar jij kan heel goed de trilling voelen, hè?;Geluiden/het weer;;;
Je kunt donder niet zien, bliksem wel.;Geluiden/het weer;;;
Voel je de trilling van de donder?;Geluiden/het weer;;;
Even je haar kammen, dan zit het weer mooi.;Haren doen;;;
Even je pony goed doen.;Haren doen;;;
Ik maak je haar even nat, dan kan ik het beter kammen.;Haren doen;;;
Je haar is heel lang geworden!;Haren doen;;;
Je haar is nog nat van het douchen.;Haren doen;;;
Je haar zit nog een beetje door de war.;Haren doen;;;
Je hebt lekker zacht haar.;Haren doen;;;
Kijk eens hoe mooi je krullen zijn!;Haren doen;;;
Nog even je haar goed doen, dan ben je klaar!;Haren doen;;;
Wat voor kapsel wil je vandaag?;Haren doen;;;
We doen even een klipje in je haar.;Haren doen;;;
We kunnen ook een knotje maken!;Haren doen;;;
We vlechten je haar, dan zit het mooi vast.;Haren doen;;;
Wil je dat ik je haar föhn?;Haren doen;;;
Wil je een elastiekje in?;Haren doen;;;
Wil je een haarband in?;Haren doen;;;
Wil je een stoere kuif?;Haren doen;;;
Wil je je haar los of vast vandaag?;Haren doen;;;
Wil je twee vlechtjes of één grote vlecht?;Haren doen;;;
Zullen we je haar even korter knippen binnenkort?;Haren doen;;;
Je hebt een prachtig lichaam!;Het lichaam;;;
Je hebt mooie nageltjes!;Het lichaam;;;
Je huid voelt zacht aan.;Het lichaam;;;
Je tong helpt je om te proeven.;Het lichaam;;;
Jouw buik beweegt als je ademt.;Het lichaam;;;
Jouw haren groeien elke dag een beetje.;Het lichaam;;;
Kijk eens hoe lang je armen zijn!;Het lichaam;;;
Kun je met je tenen wiebelen zonder je handen te gebruiken?;Het lichaam;;;
Raak je tenen maar aan, lukt dat?;Het lichaam;;;
Sommige mensen hebben sproetjes op hun huid.;Het lichaam;;;
Waar zit je navel?;Het lichaam;;;
Waar zitten je wimpers?;Het lichaam;;;
Weet je waar je elleboog zit?;Het lichaam;;;
Buiten is alles nat geworden door de regen.;Het weer;;;
De lucht wordt donker, het gaat misschien regenen.;Het weer;;;
Doe je jas maar dicht, anders waait de wind erin.;Het weer;;;
Doe maar even een pet op tegen de zon.;Het weer;;;
Het sneeuwt zachtjes, allemaal kleine vlokjes.;Het weer;;;
Wat een donkere wolken in de lucht.;Het weer;;;
We doen je zonnebril op tegen de felle zon.;Het weer;;;
De bank is om op te zitten, niet om te springen.;Huis en kamers;;;
De kelder is een plek om spullen op te bergen.;Huis en kamers;;;
De spiegel hangt in de badkamer.;Huis en kamers;;;
De trap is om naar boven en beneden te gaan.;Huis en kamers;;;
De trapleuning is om je aan vast te houden.;Huis en kamers;;;
Even het licht aandoen, dan zien we meer.;Huis en kamers;;;
Ik doe even het raam open voor frisse lucht.;Huis en kamers;;;
In de kast staan onze kopjes en bordjes.;Huis en kamers;;;
In de la liggen de vorken en messen.;Huis en kamers;;;
In de slaapkamer staat je bed.;Huis en kamers;;;
Je speelgoed ligt in de speelkamer.;Huis en kamers;;;
Onze fietsen staan in de schuur.;Huis en kamers;;;
We doen de deur zachtjes dicht.;Huis en kamers;;;
We zetten de tv even uit, dan is het rustiger.;Huis en kamers;;;
We zetten een plantje op de vensterbank.;Huis en kamers;;;
Zet je schoenen maar netjes bij de deur.;Huis en kamers;;;
Zullen we gezellig de kaarsjes aandoen?;Huis en kamers;;;
Zullen we samen je kamer opruimen?;Huis en kamers;;;
Het fornuis is heet, niet aankomen.;Huis en kamers, waarschuwing;;;
De wc is om op te plassen en te poepen.;Huis en kamers, wc;;;
De kapper doet ook een beetje haarlak in je haar.;Kapper;;;
De kapper föhnt je haar even droog.;Kapper;;;
De kapper gaat nu met de tondeuse.;Kapper;;;
De kapper gebruikt een schaar en een kam.;Kapper;;;
De kapper knipt de puntjes eraf.;Kapper;;;
De kapper spuit een beetje water op je haar.;Kapper;;;
Even je hoofd stilhouden, dan gaat het goed.;Kapper;;;
Even wachten, de kapper is bijna klaar.;Kapper;;;
Je haar groeit vanzelf weer aan.;Kapper;;;
Je mag zelf in de spiegel kijken hoe het wordt.;Kapper;;;
Kijk eens hoe mooi het is geworden!;Kapper;;;
Wat een mooi kapsel heb je nu!;Kapper;;;
Wat een verschil, hè?;Kapper;;;
Wil je een snoepje na het knippen?;Kapper;;;
Wil je je haar kort of lang laten?;Kapper;;;
Wil je op een kussen zitten zodat je hoger zit?;Kapper;;;
Zit je lekker op de stoel?;Kapper;;;
Als je niet kiest, kies ik voor jou.;Keuzes maken;;;
Denk goed na voordat je kiest.;Keuzes maken;;;
Je hoeft niet altijd de perfecte keuze te maken.;Keuzes maken;;;
Je hoeft niet te haasten, neem je tijd om te kiezen.;Keuzes maken;;;
Je mag er eentje kiezen, je mag niet alles.;Keuzes maken;;;
Je mag zelf een stempel kiezen.;Keuzes maken;;;
Je mag zelf kiezen.;Keuzes maken;;;
Wat wil je als eerste doen?;Keuzes maken;;;
Welke knuffel neem je mee naar bed?;Keuzes maken;;;
Welke vind je mooier?;Keuzes maken;;;
Welke wil je liever?;Keuzes maken;;;
Jij mag vandaag kiezen, morgen mag je zusje kiezen.;Keuzes maken, Familie en personen;;;
Wil je binnen of buiten spelen?;Keuzes maken, Spelen;;;
Daar zijn de schapen, ze hebben zachte wol.;Kinderboerderij, Dieren;;;
De boer zorgt goed voor de dieren.;Kinderboerderij, Dieren;;;
De cavia’s zitten verstopt in hun hok.;Kinderboerderij, Dieren;;;
De geitjes vinden het leuk om te klimmen.;Kinderboerderij, Dieren;;;
De konijnen hebben grote oren, zie je dat?;Kinderboerderij, Dieren;;;
De varkens hebben een krulstaart!;Kinderboerderij, Dieren;;;
Er is ook een klein kuikentje!;Kinderboerderij, Dieren;;;
Het paardje knabbelt aan de wortel.;Kinderboerderij, Dieren;;;
Je mag de geiten geen papier geven.;Kinderboerderij, Dieren;;;
Kijk, daar is een baby ezel!;Kinderboerderij, Dieren;;;
Kijk, daar lopen de kippen!;Kinderboerderij, Dieren;;;
Kijk, het paard eet hooi.;Kinderboerderij, Dieren;;;
Kun jij een dier nadoen?;Kinderboerderij, Dieren;;;
Pak maar een handje voer voor de dieren.;Kinderboerderij, Dieren;;;
Wat denk je dat de varkens eten?;Kinderboerderij, Dieren;;;
We moeten zachtjes doen bij de dieren.;Kinderboerderij, Dieren;;;
Wil je de pony's zien?;Kinderboerderij, Dieren;;;
Wil je het kippenhok van dichtbij zien?;Kinderboerderij, Dieren;;;
Zullen we een rondje lopen langs alle dieren?;Kinderboerderij, Dieren;;;
Zullen we kijken of de cavia’s nog slapen?;Kinderboerderij, Dieren;;;
Zullen we kijken waar de kippen hun eitjes leggen?;Kinderboerderij, Dieren;;;
De haan kraait, kan je dat horen?;Kinderboerderij, Dieren, Geluiden;;;
Het is belangrijk om je handen te wassen na het aaien.;Kinderboerderij, Dieren, Wassen en hygiëne;;;
Dat wordt een kleurrijk kunstwerk!;Knutselen;;;
Dat wordt een prachtig knutselwerk!;Knutselen;;;
De stiften liggen daar.;Knutselen;;;
Even wachten tot de verf droog is.;Knutselen;;;
Gebruik de lijmstift voorzichtig.;Knutselen;;;
Je kunt ook met krijtjes kleuren.;Knutselen;;;
Kijk, ik teken een ster.;Knutselen;;;
Kijk, je kunt de kleurtjes mengen.;Knutselen;;;
Kijk, we maken een vlinder van papier.;Knutselen;;;
Laat de lijm maar even drogen.;Knutselen;;;
Laat je tekening maar zien!;Knutselen;;;
Laten we een huis tekenen.;Knutselen;;;
Maak er maar iets moois van!;Knutselen;;;
Pak maar een kwast.;Knutselen;;;
Teken maar een zonnetje!;Knutselen;;;
Wat een mooie kleurencombinatie!;Knutselen;;;
We kunnen iets knippen en opplakken.;Knutselen;;;
We maken een mooie handafdruk met verf.;Knutselen;;;
We maken een mooie slinger.;Knutselen;;;
We plakken het vast met lijm.;Knutselen;;;
Welke kleur wil je gebruiken?;Knutselen;;;
Welke vorm wil je uitknippen?;Knutselen;;;
Wil je een bloem schilderen?;Knutselen;;;
Wil je een glitterpen proberen?;Knutselen;;;
Wil je een hartje uitknippen?;Knutselen;;;
Wil je glitter erop doen?;Knutselen;;;
Wil je het versieren met deze stickers?;Knutselen;;;
Wil je knippen of plakken?;Knutselen;;;
Zullen we een regenboog tekenen?;Knutselen;;;
Zullen we samen knutselen?;Knutselen;;;
Zullen we stickers gebruiken?;Knutselen;;;
We kunnen ook met klei spelen.;Knutselen, Spelen;;;
Doe voorzichtig met je schaar.;Knutselen, Waarschuwing;;;
De oven moet nog voorverwarmen.;Koken;;;
De soep moet even afkoelen.;Koken;;;
Even proeven of het goed smaakt.;Koken;;;
Je mag de pannenkoeken versieren met fruit!;Koken;;;
Kijk hoe de boter smelt in de pan.;Koken;;;
Kijk hoe de chocolade smelt, lekker hè?;Koken;;;
Kijk, we mengen alles door elkaar.;Koken;;;
Laten we ondertussen de tafel dekken, dan kunnen we zo lekker eten.;Koken;;;
Pas op, hete olie kan gaan spetteren.;Koken;;;
We gaan samen koekjes bakken!;Koken;;;
We kunnen samen een cake bakken!;Koken;;;
We moeten eerst onze handen wassen voor we koken.;Koken;;;
We moeten even wachten tot het afgekoeld is.;Koken;;;
We zetten de timer aan en wachten even.;Koken;;;
Wil je de kaas over de pasta strooien?;Koken;;;
Wil je de sinaasappel snijden? Heel voorzichtig!;Koken;;;
Wil je een stukje proeven?;Koken;;;
Wil je het beslag in de vorm gieten?;Koken;;;
Wil je het deeg kneden?;Koken;;;
Wil jij de kruiden erbij doen?;Koken;;;
Wil jij in de saus roeren?;Koken;;;
Zachtjes roeren zodat het niet spettert.;Koken;;;
Zal ik de kom vasthouden terwijl je roert?;Koken;;;
Zullen we de boterhammen samen smeren?;Koken;;;
Zullen we een pizza maken?;Koken;;;
Zullen we het eten op het bord leggen?;Koken;;;
Wil je helpen met het opruimen na het koken?;Koken, Opruimen;;;
Pas op met scherpe messen!;Koken, Waarschuwing;;;
Goed zo, probeer maar een stapje te zetten.;Leren lopen;;;
Hou je vast aan de tafel.;Leren lopen;;;
Je kunt het, ik weet het zeker!;Leren lopen;;;
Je mag ook even uitrusten als je moe bent.;Leren lopen;;;
Kom, we doen het samen!;Leren lopen;;;
Loop maar naar je knuffel.;Leren lopen;;;
Lopen is leuk hè?;Leren lopen;;;
Probeer maar te lopen zonder je vast te houden.;Leren lopen;;;
Stapje voor stapje.;Leren lopen;;;
Vallen is niet erg, even opstaan en weer proberen!;Leren lopen;;;
Wil je mijn hand vasthouden tijdens het lopen?;Leren lopen;;;
Wil je naar de stoel lopen?;Leren lopen;;;
Zet je voetjes goed neer.;Leren lopen;;;
Je doet het steeds beter.;Leren lopen, complimenten;;;
Je hebt vandaag al veel geoefend!;Leren lopen, complimenten;;;
Kijk hoe ver je al bent gekomen!;Leren lopen, complimenten;;;
Kijk, je bent al een stukje verder gekomen!;Leren lopen, complimenten;;;
Kijk, je kunt al staan zonder handen!;Leren lopen, complimenten;;;
Wat een grote stap!;Leren lopen, complimenten;;;
Wat ga jij al snel!;Leren lopen, complimenten;;;
Wat knap dat je zelf weer opstaat!;Leren lopen, complimenten;;;
Voel je hoe sterk je benen zijn?;Leren lopen, het lichaam;;;
Als er iets is, kun je het aan opa en oma vertellen.;Logeren;;;
Als je een beetje spannend vindt, helpt je knuffel je.;Logeren;;;
Als je niet kunt slapen, mag je altijd oma roepen.;Logeren;;;
Denk je dat je het leuk gaat vinden?;Logeren;;;
Ik geef je een dikke knuffel voordat je vertrekt!;Logeren;;;
Je gaat een nachtje bij opa en oma slapen, gezellig!;Logeren;;;
Je hebt hier al vaker geslapen, vorige keer ging het heel goed!;Logeren;;;
Je krijgt vast een lekker ontbijt bij opa en oma.;Logeren;;;
Je kunt ons altijd even videobellen als je dat wilt.;Logeren;;;
Je mag één spelletje meenemen om daar te spelen.;Logeren;;;
Je mag morgenochtend lekker lang uitslapen.;Logeren;;;
Je mag zelf je tas dragen als je wilt.;Logeren;;;
Oma heeft vast iets lekkers voor je klaargezet.;Logeren;;;
Papa en mama brengen je straks naar opa en oma.;Logeren;;;
We pakken je tandenborstel en je kam in.;Logeren;;;
Wil je een boekje meenemen om daar te lezen?;Logeren;;;
Wil je een extra knuffel meenemen?;Logeren;;;
Wil je in je eigen bedje slapen of liever bij opa en oma op de kamer?;Logeren;;;
Wil je je lievelingsboek meenemen?;Logeren;;;
Wil je je pyjama zelf inpakken?;Logeren;;;
Als je ergens bang voor bent, kun je het altijd aan opa vertellen.;Logeren, Gevoelens, Familie en personen;;;
Oh oh, weer een vieze luier!;Luier;;;
Alles is nat geworden.;Luier;;;
Bobby heeft weer heel veel gepoept.;Luier;;;
Even in je luier kijken.;Luier;;;
Even in je luier spieken.;Luier;;;
Even kijken wat er in je luier zit.;Luier;;;
Ga je nog plassen?;Luier;;;
Heb je een poepje gedaan?;Luier;;;
Heb jij weer een grote poep gedaan?;Luier;;;
Het is een heel grote drol.;Luier;;;
Je hebt heel veel plasjes gedaan.;Luier;;;
Je hebt het weer goed getimed.;Luier;;;
Je hebt het weer voor elkaar.;Luier;;;
Je hebt weer gewacht totdat je luier uit was met plassen.;Luier;;;
Luier inspectie!;Luier;;;
Niet de poep op je handen smeren.;Luier;;;
Oh ja, je hebt op je romper geplast.;Luier;;;
oh, verrassingsplas!;Luier;;;
Oké, alles moet weer uit.;Luier;;;
Pas op, niet met je voet in je luier.;Luier;;;
Snel een nieuwe luier eronder.;Luier;;;
Snel een nieuwe luier pakken.;Luier;;;
Toch weer een schone romper aan.;Luier;;;
Wat een volle plasluier!;Luier;;;
Wauw, wat veel poep!;Luier;;;
Zullen we even naar je luier kijken?;Luier;;;
Bah, je luier zit vol, tijd voor een nieuwe!;Luier verschonen;;;
Deze luier zit weer lekker strak.;Luier verschonen;;;
Even controleren of je nog een schone luier hebt.;Luier verschonen;;;
Even je beentjes optillen.;Luier verschonen;;;
Even je handjes schoonmaken na het verschonen.;Luier verschonen;;;
Even op je rug blijven liggen.;Luier verschonen;;;
Even wachten, ik maak de plakstripjes vast.;Luier verschonen;;;
Even wachten, mama is nog bezig.;Luier verschonen;;;
Ik doe snel de nieuwe luier om, dan kun je weer spelen.;Luier verschonen;;;
Je luier is nog droog, je hoeft nog niet verschoond te worden.;Luier verschonen;;;
Laten we snel je vieze luier weggooien.;Luier verschonen;;;
Oh oh, dat was een flinke poepluier!;Luier verschonen;;;
Oh, dat ruikt wel heel sterk!;Luier verschonen;;;
Wat een wiebelkont ben je! Blijf even liggen.;Luier verschonen;;;
We doen snel de vieze luier in de prullenbak.;Luier verschonen;;;
We doen snel je broekje weer aan.;Luier verschonen;;;
We maken je goed schoon, dan krijg je geen uitslag.;Luier verschonen;;;
Wil je een speeltje vasthouden terwijl ik je verschoon?;Luier verschonen;;;
Zo, nu ruik je weer lekker fris!;Luier verschonen;;;
Je hebt goed stilgelegen, knap hoor!;Luier verschonen, Complimenten;;;
Denk maar aan iets leuks voordat je gaat slapen.;Naar bed;;;
Doe je oogjes maar dicht.;Naar bed;;;
Even je knuffels goed leggen.;Naar bed;;;
Ik blijf bij je totdat je bijna slaapt.;Naar bed;;;
Ik blijf nog even zitten en dan ga ik naar beneden.;Naar bed;;;
Ik doe het licht een beetje minder fel.;Naar bed;;;
Ik laat de deur een beetje open.;Naar bed;;;
Je hoeft niet bang te zijn, ik ben hier vlakbij.;Naar bed;;;
Je knuffel blijft de hele nacht bij je.;Naar bed;;;
Je kunt mij altijd roepen als er iets is.;Naar bed;;;
Je mag in je bedje gaan liggen.;Naar bed;;;
Je mag morgen weer lekker spelen.;Naar bed;;;
Je mag morgenochtend vertellen wat je hebt gedroomd.;Naar bed;;;
Kijk, konijn slaapt ook al!;Naar bed;;;
Laten we rustig liggen en ontspannen.;Naar bed;;;
Misschien droom je wel van iets heel moois!;Naar bed;;;
Wil je dat ik een slaapliedje zing?;Naar bed;;;
Wil je dat ik je instop?;Naar bed;;;
Wil je dat ik je rugje aai?;Naar bed;;;
Wil je een verhaaltje of meteen slapen?;Naar bed;;;
Wil je met je knuffel in slaap vallen?;Naar bed;;;
Zal ik je een kusje geven op je voorhoofd?;Naar bed;;;
Zal ik je hand vasthouden totdat je slaapt?;Naar bed;;;
Daar komt een grote gaap!;Naar bed gaan;;;
Ga maar lekker onder de deken.;Naar bed gaan;;;
Oh, daar komt een klein gaapje!;Naar bed gaan;;;
Wat een zachte deken heb je.;Naar bed gaan;;;
Wil je een dutje doen?;Naar bed gaan;;;
Armpjes erin.;Naar bed gaan;;;
dan doen we daarna lekker je slaapzakje aan.;Naar bed gaan;;;
Dat is de maan, wat een grote maan.;Naar bed gaan;;;
Even lekker een dutje doen.;Naar bed gaan;;;
Gordijntjes dicht.;Naar bed gaan;;;
Het is mooi geweest.;Naar bed gaan;;;
Het is tijd om een dutje te doen.;Naar bed gaan;;;
Hey boefje, ben je al een beetje moe?;Naar bed gaan;;;
je gaat zo lekker naar bed;Naar bed gaan;;;
je krijgt nog even een schone luier.;Naar bed gaan;;;
Je mag lekker gaan slapen.;Naar bed gaan;;;
Konijntje erbij. (knuffel);Naar bed gaan;;;
Konijntje gaat ook slapen. (knuffel);Naar bed gaan;;;
Lampje uit.;Naar bed gaan;;;
maar mevrouwtje, het is bedtijd.;Naar bed gaan;;;
nog even verschonen ;Naar bed gaan;;;
Oh, Bobby is moe.;Naar bed gaan;;;
slaapzakje dicht.;Naar bed gaan;;;
Speentje erbij.;Naar bed gaan;;;
Waar ben je naar aan het kijken?;Naar bed gaan;;;
Wat ben je onrustig.;Naar bed gaan;;;
Wauw, kijk eens.;Naar bed gaan;;;
We gaan eerst je slaapzakje aandoen en dan gaan we nog even een boekje lezen.;Naar bed gaan;;;
Laten we heel zachtjes fluisteren, want het is bedtijd.;Naar bed, Geluiden;;;
Bobby en papa gaan op mannenuitje.;Naar buiten gaan;;;
dekentje erbij.;Naar buiten gaan;;;
Een mutsie op.;Naar buiten gaan;;;
Even goed aankleden.;Naar buiten gaan;;;
Even op avontuur in de buurt.;Naar buiten gaan;;;
even spulletjes pakken.;Naar buiten gaan;;;
Ga maar even kijken.;Naar buiten gaan;;;
Heb jij zin om met papa op avontuur te gaan?;Naar buiten gaan;;;
Het is een beetje koud buiten.;Naar buiten gaan;;;
het zonnetje schijnt.;Naar buiten gaan;;;
Kom maar gaan we met de lift naar beneden.;Naar buiten gaan;;;
Kom maar lekker liggen, alles even goed doen.;Naar buiten gaan;;;
Kom maar, we gaan even lekker naar buiten.;Naar buiten gaan;;;
Mooie blauwe lucht.;Naar buiten gaan;;;
oh zon, felle zon.;Naar buiten gaan;;;
Pas op, zon op je kop.;Naar buiten gaan;;;
Samen op avontuur.;Naar buiten gaan;;;
Waar gaan we nou naartoe?;Naar buiten gaan;;;
Waar zijn we nou?;Naar buiten gaan;;;
Wat gaan we allemaal meemaken?;Naar buiten gaan;;;
Wat is er allemaal te zien?;Naar buiten gaan;;;
Wat zie je allemaal?;Naar buiten gaan;;;
Wat zie jij er stoer uit in je mooie jas.;Naar buiten gaan;;;
We gaan een wandeling maken.;Naar buiten gaan;;;
we gaan even naar de supermarkt.;Naar buiten gaan;;;
zie je de blauwe lucht?;Naar buiten gaan;;;
Zo, dekentje eroverheen.;Naar buiten gaan;;;
Als je klaar bent, doe je de wc-deur weer open.;Naar de wc;;;
Als je klaar bent, moet je even roepen.;Naar de wc;;;
Als je klaar bent, moet je ook doortrekken.;Naar de wc;;;
Altijd handen wassen na de wc.;Naar de wc;;;
Ben je moe, of moet je poepen?;Naar de wc;;;
Even doortrekken en dan zijn we klaar.;Naar de wc;;;
Even wachten, ik help je zo met afvegen.;Naar de wc;;;
Goed blijven zitten tot je klaar bent.;Naar de wc;;;
Goed blijven zitten, ook als het lang duurt.;Naar de wc;;;
Je hebt een droge broek, goed gedaan!;Naar de wc;;;
Je mag straks een stickertje plakken als je geplast hebt.;Naar de wc;;;
Je mag zelf de wc doortrekken!;Naar de wc;;;
Je mag zelf wc-papier pakken.;Naar de wc;;;
Kun je zelf je broek goed omhoog trekken?;Naar de wc;;;
Lukt het om op het potje te gaan zitten?;Naar de wc;;;
Lukt het om zelf af te vegen?;Naar de wc;;;
Lukt het om zelf je onderbroek omhoog te doen?;Naar de wc;;;
Niet te snel, neem de tijd!;Naar de wc;;;
Niet vergeten de deur dicht te doen als je klaar bent.;Naar de wc;;;
Plassen doen we op de wc, niet in de luier.;Naar de wc;;;
Plassen gaat vanzelf, je hoeft alleen te wachten.;Naar de wc;;;
Voordat we gaan, nog even naar de wc!;Naar de wc;;;
We doen de wc-bril omlaag voor je gaat zitten.;Naar de wc;;;
We doen de wc-deksel dicht voor het doortrekken.;Naar de wc;;;
We wachten even tot je helemaal klaar bent.;Naar de wc;;;
Wil je op het potje of op de grote wc?;Naar de wc;;;
Wil je proberen om staand te plassen?;Naar de wc;;;
Zit je lekker op de wc?;Naar de wc;;;
Zorg dat je goed boven de wc zit.;Naar de wc;;;
Denk eraan om goed te luisteren in de klas.;Naar school;;;
Denk eraan om netjes ‘goedemorgen’ te zeggen tegen je juf.;Naar school;;;
Doe je tas maar op je rug.;Naar school;;;
Ga je je vriendjes straks op school zien?;Naar school;;;
Heb je je broodtrommel in je tas gedaan?;Naar school;;;
Ik zwaai naar je als je naar binnen gaat!;Naar school;;;
Straks mag je in de kring zitten en vertellen over je weekend.;Naar school;;;
Vandaag gaan jullie knutselen in de klas!;Naar school;;;
We moeten opschieten, anders zijn we te laat.;Naar school;;;
We wachten tot de deur open gaat.;Naar school;;;
Wil je je nieuwe schoenen laten zien op school?;Naar school;;;
Wil je je rugzak zelf dragen of zal ik het doen?;Naar school;;;
Wil je naast mij lopen of zelf naar de deur rennen?;Naar school;;;
Wil je nog een knuffel voordat je naar binnen gaat?;Naar school;;;
De juf zei dat je goed je best hebt gedaan vandaag!;Ophalen uit school;;;
Heb je een nieuw vriendje gemaakt?;Ophalen uit school;;;
Heb je goed gegeten op school?;Ophalen uit school;;;
Heb je goed geluisterd naar de juf?;Ophalen uit school;;;
Heb je nog een sticker verdiend vandaag?;Ophalen uit school;;;
Heb je verstoppertje gespeeld tijdens de pauze?;Ophalen uit school;;;
Je mag straks aan papa vertellen hoe het was.;Ophalen uit school;;;
Je tas kan je zelf dragen, toch?;Ophalen uit school;;;
Was het druk in de klas?;Ophalen uit school;;;
Was het een beetje rustig in de klas?;Ophalen uit school;;;
Wat heb je geleerd vandaag?;Ophalen uit school;;;
Zijn er nog nieuwe kinderen bijgekomen in de klas?;Ophalen uit school;;;
Als je iets wilt, kun je het aan de oppas vragen.;Oppas;;;
Als jij slaapt, blijft de oppas beneden.;Oppas;;;
De oppas weet hoe laat je moet slapen.;Oppas;;;
Je mag de oppas laten zien waar alles ligt.;Oppas;;;
Jij en de oppas gaan samen spelen.;Oppas;;;
Jij mag kiezen welk spelletje je met de oppas doet.;Oppas;;;
Jullie mogen straks samen een filmpje kijken.;Oppas;;;
Wil je de oppas een knuffel geven?;Oppas;;;
Wil je de oppas laten zien waar je speelgoed ligt?;Oppas;;;
Even de stoelen aanschuiven.;Opruimen;;;
Even je speelgoed netjes terugzetten.;Opruimen;;;
Help je even met de was opvouwen?;Opruimen & huishouden;;;
Leg de boekjes maar op de plank.;Opruimen & huishouden;;;
Lego hoort in de lego-bak.;Opruimen & huishouden;;;
Nu is alles weer netjes!;Opruimen & huishouden;;;
Veeg de kruimels maar van de tafel.;Opruimen & huishouden;;;
Ben je een beetje lief geweest?;Opvang;;;
dag lieve kleine, tot vanavond.;Opvang;;;
Even gedag zeggen.;Opvang;;;
Ga je even lekker spelen vandaag?;Opvang;;;
Heb je mij gemist?;Opvang;;;
Heb je ons gemist?;Opvang;;;
Hey, hoe was je dag?;Opvang;;;
Je gaat vandaag naar de opvang.;Opvang;;;
Je mag vandaag weer naar de opvang.;Opvang;;;
Kijk, daar zijn we weer. Zullen we even kijken?;Opvang;;;
Kijk, Eva is er. ;Opvang;;;
Lief zijn op de opvang.;Opvang;;;
Lief zijn.;Opvang;;;
maak er een leuke dag van.;Opvang;;;
Oh, dat is leuk hè, we zijn weer bij de opvang.;Opvang;;;
Ongelofelijk, ongelofelijk!;Opvang;;;
Veel plezier vandaag.;Opvang;;;
Was je zo lekker aan het spelen?;Opvang;;;
We komen je ook weer ophalen, hoor, kleine, aan het eind van de dag.;Opvang;;;
We komen terug voor jou.;Opvang;;;
Wees maar niet bang.;Opvang;;;
Weet je nog, de opvang, daar ga je met je vrienden spelen.;Opvang;;;
Wie zijn er allemaal?;Opvang;;;
Als je iets wil vragen, mag je op mama’s arm tikken.;Overig;;;
Als je iets wil, wijs het maar aan.;Overig;;;
Bobby, weet je wel dat er een monster in huis is dat jou wil opeten?;Overig;;;
Dat was grappig hè?;Overig;;;
Dat zijn je eigen spullen, daar moet je goed voor zorgen.;Overig;;;
Eén voor één praten.;Overig;;;
Ga maar even op het kleed zitten.;Overig;;;
Gaan we samen tellen?;Overig;;;
Goed dat je wachtte op je beurt.;Overig;;;
Hey klein boefje;Overig;;;
Hoe weet jij dat?;Overig;;;
Hou je jas maar bij je.;Overig;;;
Ik snap dat je dat lastig vindt.;Overig;;;
Je bent echt gegroeid!;Overig;;;
Je hebt dat netjes gevraagd, goed zo.;Overig;;;
Je mag het proberen, maar ik help je als het niet lukt.;Overig;;;
Kijk eens naar mijn gezicht als ik iets zeg.;Overig;;;
Kleine meid, wat is dat toch met jou?;Overig;;;
Kom maar even op adem.;Overig;;;
Laat maar even, dat lossen we straks op.;Overig;;;
Meen je dat nou? ;Overig;;;
Niet je hoofdje draaien als je aan het kotsen bent;Overig;;;
Oeh, koude handjes!;Overig;;;
Oh oh oh, dikke kotsvlek;Overig;;;
Wat zeg jij nou?;Overig;;;
We doen het samen.;Overig;;;
We wachten even op onze beurt.;Overig;;;
Wie is dat in de spiegel? Dat ben jij zelf hè!;Overig;;;
Zet het maar terug waar je het gevonden hebt.;Overig;;;
Zullen we samen tellen tot drie?;Overig;;;
ah, wat is dat?;Overig;;;
En nu dan?;Overig;;;
Dat is een hoge berg, zullen we omhoog klimmen?;Plaatsen;;;
De speeltuin is hier dichtbij.;Plaatsen;;;
Dit is een museum, hier mogen we niet rennen.;Plaatsen;;;
Kijk hoe hoog de golven zijn.;Plaatsen;;;
Kijk, dat is een heel oud kasteel!;Plaatsen;;;
Laten we een rondje door het park lopen.;Plaatsen;;;
We gaan naar de bibliotheek, daar zijn heel veel boeken!;Plaatsen;;;
We gaan naar het strand, neem je schepje maar mee!;Plaatsen;;;
We gaan vandaag naar de speeltuin!;Plaatsen;;;
We kunnen hier een zandkasteel bouwen.;Plaatsen;;;
Wil je op de schommel of op de glijbaan?;Plaatsen;;;
Eerst gaan we naar de winkel, daarna naar de speeltuin.;Planning;;;
Eerst ontbijten, daarna mag je spelen.;Planning;;;
Eerst schoenen aan, dan gaan we naar buiten.;Planning;;;
Na het buitenspelen wassen we onze handen.;Planning;;;
Na het douchen trek je je pyjama aan.;Planning;;;
Na het eten gaan we in bad.;Planning;;;
Na het tandenpoetsen gaan we naar bed.;Planning;;;
Over tien minuutjes gaan we opruimen.;Planning;;;
Papa haalt je straks op van school.;Planning;;;
Vandaag mag je bij een vriendje spelen.;Planning;;;
We gaan nu aankleden, dan kunnen we op tijd vertrekken.;Planning;;;
We moeten nu de deur uit, anders missen we de bus.;Planning;;;
We moeten nu opschieten, anders komen we te laat.;Planning;;;
Dat is een grote menukaart, zullen we samen kijken?;Restaurant;;;
Even wachten tot iedereen zijn eten heeft.;Restaurant;;;
Gebruik je bestek, niet met je handen eten.;Restaurant;;;
Het duurt even, maar ze maken iets lekkers voor je.;Restaurant;;;
Je mag je drankje voorzichtig inschenken.;Restaurant;;;
Kijk, daar komt de ober met ons eten!;Restaurant;;;
Lust je dit of wil je iets anders?;Restaurant;;;
Neem een kleine hap, het kan nog heet zijn.;Restaurant;;;
Pas op dat je niet morst.;Restaurant;;;
Zeg even ‘dankjewel’ tegen de ober.;Restaurant;;;
Laten we de gordijnen open doen, dan komt er licht binnen.;Routines;;;
Dat is niet eerlijk, om de beurt!;Samen spelen;;;
Geef het maar even terug.;Samen spelen;;;
Hij mag ook meedoen.;Samen spelen;;;
Wie mag als eerste?;Samen spelen;;;
"Zeg maar ""mag ik meedoen?""";Samen spelen;;;
Bij binnenkomen eerst je jas ophangen.;School;;;
Hoeveel kinderen waren er vandaag op school?;School;;;
Ik stop een schone onderbroek in je tas, voor als het nodig is.;School;;;
Je gymspullen zitten in je tas.;School;;;
Wees lief voor de andere kinderen.;School;;;
Eerst vragen aan de mama van Sef.;Speelafspraak;;;
Ik ga even vragen of het mag.;Speelafspraak;;;
Je mag spelen tot we gaan eten.;Speelafspraak;;;
Je vriendje komt zo.;Speelafspraak;;;
Jullie kunnen samen met de auto’s spelen.;Speelafspraak;;;
Laat maar zien waar je speelgoed ligt.;Speelafspraak;;;
Lisa mag bij ons spelen.;Speelafspraak;;;
We gaan Tom nu naar huis brengen.;Speelafspraak;;;
Wil je bij een vriendje spelen?;Speelafspraak;;;
Wil je dat Tom bij ons komt spelen?;Speelafspraak;;;
Ben je met je voetjes aan het spelen?;Spelen;;;
Doe maar net alsof je een leeuw bent.;Spelen;;;
Ga je een verhaaltje verzinnen?;Spelen;;;
Hier kun je je goed verstoppen.;Spelen;;;
Je mag hier lekker spelen, maar niet rennen.;Spelen;;;
Lukt het of wil je hulp?;Spelen;;;
Mag ik meedoen?;Spelen;;;
Niet te wild spelen, anders val je.;Spelen;;;
Wil je dat ik iets voor je teken?;Spelen;;;
Wil je een race houden met de auto's?;Spelen;;;
Wil je in je eentje spelen of samen?;Spelen;;;
Zal ik jou even duwen op de fiets?;Spelen;;;
Zullen we een tent bouwen met kussens en lakens?;Spelen;;;
Zullen we tikkertje spelen?;Spelen;;;
Zullen we winkeltje spelen?;Spelen;;;
Ben je lekker aan het spelen?;Spelen;;;
Ben jij een kleine vliegmachine?;Spelen;;;
even vliegen;Spelen;;;
Ga jij even lekker spelen? ;Spelen;;;
Heb je alweer een leuk knuffeltje te pakken?;Spelen;;;
Heb je weer de staart van aap te pakken?;Spelen;;;
Heb je zin om te dansen, kleine? ;Spelen;;;
hey, wat ben je aan het doen?;Spelen;;;
Kan je vliegen?;Spelen;;;
Kun je al zo goed dansen?;Spelen;;;
Oh, ben je met de aap aan het spelen?;Spelen;;;
oh, ben je weer een kleine draak?;Spelen;;;
Oh, nee, z'n staart! Oh hij wordt opgegeten!;Spelen;;;
Oh, op de kop.;Spelen;;;
Op en neer;Spelen;;;
Wat ga je nu doen?;Spelen;;;
Wil je een stukje vliegen? (in de armen van papa);Spelen;;;
Zullen we even dansen?;Spelen;;;
Kleintje, wil je even op je buik liggen?;Spelen, Baby;;;
Ben je lekker een boekje aan het lezen?;Spelen, Voorlezen;;;
Dat was een slimme zet!;Spelletje;;;
Eerst even de spelregels uitleggen.;Spelletje;;;
Goed gespeeld, high five!;Spelletje;;;
Goed zo, je hebt het helemaal zelf bedacht!;Spelletje;;;
Help je mee met de kaarten schudden?;Spelletje;;;
Je bent echt goed in dit spel!;Spelletje;;;
Je hebt echt een goed geheugen!;Spelletje;;;
Laten we alle kaartjes weer netjes opruimen.;Spelletje;;;
Laten we dobbelen om te zien wie mag beginnen!;Spelletje;;;
Mag ik even meekijken?;Spelletje;;;
Nee, je mag niet spieken!;Spelletje;;;
Nog één rondje en dan stoppen we.;Spelletje;;;
Nog even en je hebt gewonnen.;Spelletje;;;
Oei, dat was pech! Volgende keer beter.;Spelletje;;;
Oei, nu moet je een beurt overslaan.;Spelletje;;;
Volgende keer win jij misschien!;Spelletje;;;
Wat een spannende wedstrijd!;Spelletje;;;
Wat slim van jou!;Spelletje;;;
We doen morgen weer een potje.;Spelletje;;;
We gaan gezellig een spelletje doen.;Spelletje;;;
We leggen de kaartjes eerst netjes neer.;Spelletje;;;
Welke kleur pion wil jij?;Spelletje;;;
Wil je alleen spelen of samen?;Spelletje;;;
Wil je een makkelijk of een moeilijk spel?;Spelletje;;;
Wil je nog een keer spelen of iets anders doen?;Spelletje;;;
Zal ik het spel nog één keer uitleggen?;Spelletje;;;
Zoek jij een spelletje uit?;Spelletje;;;
Dat ben jij met papa. Daar ben je. (in spiegel);Spiegel;;;
Dat ben jij. ;Spiegel;;;
Dat zijn we samen.;Spiegel;;;
kijk eens, Bobby. Wie is dat?;Spiegel;;;
Wow, kun je jezelf aanraken?;Spiegel;;;
Blijf goed bij papa, want het is druk op het strand.;Strand;;;
De zee is een beetje wild vandaag, dus we blijven dichtbij.;Strand;;;
De zee kan een beetje trekken, blijf goed vasthouden.;Strand;;;
Doe je badpakje maar aan, dan gaan we de zee in.;Strand;;;
Even je voeten afspoelen, dan doen we je schoenen aan.;Strand;;;
Even zonnebrand bijsmeren op je neusje.;Strand;;;
Het is niet erg als je niet alles hoort, we kunnen gewoon gebaren.;Strand;;;
Het kan druk zijn, dus blijf goed bij mama.;Strand;;;
Hier is je schepje en je emmertje.;Strand;;;
In de auto kan je even uitrusten.;Strand;;;
Je krijgt je hoedje op tegen de zon.;Strand;;;
Je mag even rusten op het handdoekje.;Strand;;;
Kijk naar de golven, die komen en gaan.;Strand;;;
Kijk, dat is een zeemeeuw!;Strand;;;
Kijk, een schelp!;Strand;;;
Papa blijft vlak naast je in het water.;Strand;;;
Tijd voor een pauze in de schaduw.;Strand;;;
Voel je de wind op je gezicht?;Strand;;;
Voel je hoe warm het zand is?;Strand;;;
We blijven in het ondiepe stuk van het water.;Strand;;;
We doen je bikini aan.;Strand;;;
We maken een diepe kuil in het zand.;Strand;;;
Wil je iets tekenen in het zand?;Strand;;;
Wil je in de zee of in het zand spelen?;Strand;;;
Wil je nog één keer in het water voor we gaan?;Strand;;;
Wil je schelpen zoeken?;Strand;;;
Zal ik je ingraven in het zand?;Strand;;;
Zullen we een dijkje bouwen tegen het water?;Strand;;;
Zullen we je shirtje weer aandoen?;Strand;;;
De stoel kan omhoog en omlaag, grappig hè?;tandarts;;;
De tandarts gaat alleen even kijken, het is zo klaar.;tandarts;;;
De tandarts gebruikt een spiegeltje om achter je tanden te kijken.;tandarts;;;
De tandarts heeft een lamp zodat hij alles goed kan zien.;tandarts;;;
De tandarts zegt dat je goed poetst!;tandarts;;;
De volgende keer weet je al precies hoe het gaat.;tandarts;;;
Even je mond wijd open doen, dan is het zo klaar.;tandarts;;;
Misschien is de volgende keer nog makkelijker.;tandarts;;;
Voel je dat? Dat is een beetje koud, maar doet geen pijn.;tandarts;;;
We gaan thuis nog even extra goed tandenpoetsen.;tandarts;;;
Zie je wel? Dat ging hartstikke goed!;tandarts;;;
Zie je, dat was helemaal niet eng!;tandarts;;;
Als je goed poetst, blijven je tandjes mooi schoon.;tandenpoetsen;;;
Denk aan je achterste kiezen, die moet je ook goed poetsen.;tandenpoetsen;;;
Doe mij maar na.;tandenpoetsen;;;
Ik tel tot tien en dan ben je klaar.;tandenpoetsen;;;
Ik zet een timer, dan weet je hoe lang je nog moet.;tandenpoetsen;;;
Je mag een slokje water nemen en dan uitspugen.;tandenpoetsen;;;
Je moet nog even doorgaan, we zijn nog niet klaar.;tandenpoetsen;;;
Niet te hard poetsen.;tandenpoetsen;;;
Tanden poetsen is belangrijk, dan krijg je geen gaatjes.;tandenpoetsen;;;
We moeten ook je tong poetsen, die hoort erbij!;tandenpoetsen;;;
Doe je mondje maar open.;Tandenpoetsen;;;
En dan de voorkant, en dan gaan we nog even je tandvleesjes masseren.;Tandenpoetsen;;;
Even poetsen, poetsen, poetsen.;Tandenpoetsen;;;
hou zelf maar even de tandenborstel vast. ;Tandenpoetsen;;;
kijk, je tandenborstel! Daar doen we even de tandpasta op.;Tandenpoetsen;;;
Kom maar, zo is het genoeg. klaar.;Tandenpoetsen;;;
lekkere tandpasta?;Tandenpoetsen;;;
oh weet je nog? we gaan eerst even je tandjes poetsen.;Tandenpoetsen;;;
Tandenborstel schoonmaken en dan gaan we lekker naar bed.;Tandenpoetsen;;;
We doen een klein beetje tandpasta op de tandenborstel, gaan we even je tandjes poetsen.;Tandenpoetsen;;;
We zullen je tandjes eens mooi schoonmaken.;Tandenpoetsen;;;
Herken je het al? we zijn alweer bijna thuis.;Thuis komen;;;
Ken je het al? dit is je huis.;Thuis komen;;;
Laten we jouw dikke jas maar eens uitdoen.;Thuis komen;;;
Lekker binnen, we kunnen lekker chillen.;Thuis komen;;;
Mama is er weer, jeej!;Thuis komen;;;
nog heel eventjes rustig;Thuis komen;;;
oh we zijn echt bijna thuis schatje;Thuis komen;;;
rustig maar, we gaan nu naar huis.;Thuis komen;;;
we zijn alweer bijna binnen.;Thuis komen;;;
We zijn er weer.;Thuis komen;;;
we zijn weer lekker thuis.;Thuis komen;;;
Ga maar even op de bank zitten, dan kletsen we over je dag.;thuiskomen uit school;;;
Ik ben blij dat je er weer bent!;thuiskomen uit school;;;
Je mag je tas alvast leeghalen.;thuiskomen uit school;;;
Laat maar zien wat je hebt gemaakt op school!;thuiskomen uit school;;;
Blijf een beetje rechtop zitten terwijl je kijkt.;tv kijken;;;
Dit is de laatste, daarna gaat de tv uit.;tv kijken;;;
Heb je zin in een tekenfilm of iets anders?;tv kijken;;;
Ik zet de tv even op pauze.;tv kijken;;;
Je mag nog tot het einde van deze aflevering.;tv kijken;;;
Je mag nog tv kijken tot de grote wijzer op de 6 staat.;tv kijken;;;
Je mag zelf een film uitkiezen.;tv kijken;;;
Kijk maar of er iets leuks op tv is.;tv kijken;;;
Laten we samen een film kijken!;tv kijken;;;
Niet te dicht bij de tv zitten.;tv kijken;;;
Nu even pauze, straks kijken we verder.;tv kijken;;;
We gaan niet de hele dag tv kijken.;tv kijken;;;
Zet je geluid een beetje zachter.;tv kijken, geluiden;;;
Alles uit behalve je onderbroek.;Uitkleden;;;
Doe je sokken ook even uit.;Uitkleden;;;
Goed zo, nu je broek nog uit.;Uitkleden;;;
Hang je broek netjes over de stoel.;Uitkleden;;;
Ik help je met je sokken.;Uitkleden;;;
Je mag zelf je kleren uittrekken.;Uitkleden;;;
Kan je je mouwen zelf opstropen?;Uitkleden;;;
Laat me weten als het niet lukt.;Uitkleden;;;
Lukt het om je knoopjes zelf los te maken?;Uitkleden;;;
Moet ik je helpen met je rits?;Uitkleden;;;
Oeps, je trui zit binnenstebuiten!;Uitkleden;;;
Wil je eerst je sokken of je broek uitdoen?;Uitkleden;;;
Als we daar zijn, kunnen we lekker zwemmen.;Vakantie;;;
Dit is jouw paspoort.;Vakantie;;;
Doe je zwembroek maar in de koffer.;Vakantie;;;
Heb je zin in de vakantie?;Vakantie;;;
In dit hotel mag je zelf een ijsje pakken!;Vakantie;;;
Kijk, daar is de zee!;Vakantie;;;
Kijk, palmbomen!;Vakantie;;;
Laat je spullen maar in de tent liggen.;Vakantie;;;
Op vakantie mogen we een keer lang opblijven.;Vakantie;;;
Pakken we de auto of lopen we?;Vakantie;;;
Straks gaan we een ijsje eten!;Vakantie;;;
We gaan naar een nieuwe plek!;Vakantie;;;
Wil je je eigen koffer meenemen?;Vakantie;;;
Wil je met mij samen de koffer inpakken?;Vakantie;;;
Ben je blij met je cadeautjes?;Verjaardag;;;
Dat wordt een groot feest!;Verjaardag;;;
Denk je dat je alle kaarsjes in één keer uit kan blazen?;Verjaardag;;;
Ga maar op de versierde stoel zitten.;Verjaardag;;;
Heb je een leuke verjaardag?;Verjaardag;;;
Iedereen is hier speciaal voor jou.;Verjaardag;;;
Je mag vandaag een extra groot stuk taart!;Verjaardag;;;
Je mag vandaag kiezen wat we gaan eten.;Verjaardag;;;
Jij mag het eerste stukje taart uitkiezen.;Verjaardag;;;
Laat maar zien hoe oud je bent met je vingers.;Verjaardag;;;
Laten we een verjaardagsfoto maken!;Verjaardag;;;
Laten we samen de taart versieren.;Verjaardag;;;
Mama en papa hebben iets leuks voor je uitgekozen.;Verjaardag;;;
Morgen mag je trakteren op school!;Verjaardag;;;
Wat een mooie versiering, hè!;Verjaardag;;;
Wat is het leukste cadeau dat je hebt gekregen?;Verjaardag;;;
Achter mama blijven lopen bij het oversteken.;Verkeer;;;
Dat is een hele lange trein!;Verkeer;;;
Dat is een snelle auto!;Verkeer;;;
Denk eraan, bij het zebrapad eerst wachten.;Verkeer;;;
Even wachten, het stoplicht staat nog op rood.;Verkeer;;;
Fiets maar rustig, niet te hard.;Verkeer;;;
Ga maar achterop bij papa.;Verkeer;;;
Ga maar zitten, dan doe ik je gordel om.;Verkeer;;;
Handjes aan het stuur!;Verkeer;;;
Houd je goed vast op de fiets.;Verkeer;;;
Kom, we gaan de bus in.;Verkeer;;;
Laat de auto's eerst gaan.;Verkeer;;;
Nu mogen we oversteken, het licht is groen.;Verkeer;;;
Pas op voor de stoeprand.;Verkeer;;;
Rennen naar de bus, anders missen we hem!;Verkeer;;;
Stap maar af.;Verkeer;;;
We moeten even wachten, de brug gaat open.;Verkeer;;;
Wil je voorop de fiets of achterop?;Verkeer;;;
Hier mogen we oversteken.;Verkeer & vervoer;;;
We moeten even wachten bij de bushalte.;Verkeer & vervoer;;;
Doe het boekje maar open.;Voorlezen;;;
Ga maar lekker liggen, dan beginnen we.;Voorlezen;;;
Hier, jij mag de bladzijde omslaan.;Voorlezen;;;
Ik lees nog één bladzijde, dan is het klaar.;Voorlezen;;;
Ik zie een hond op deze pagina, zie jij hem ook?;Voorlezen;;;
Kijk, wie is dat op de tekening?;Voorlezen;;;
Laat mij eens zien welk boekje je gekozen hebt.;Voorlezen;;;
Oei, dat was een gek avontuur!;Voorlezen;;;
Oh nee, wat gebeurt er nu in het verhaal?;Voorlezen;;;
Oh, dat is spannend! Wat denk jij dat er gaat gebeuren?;Voorlezen;;;
Pak maar een boekje van de plank.;Voorlezen;;;
Wat een mooi boek heb je gekozen.;Voorlezen;;;
Wat gebeurt er op deze bladzijde?;Voorlezen;;;
Wat is jouw favoriete boek?;Voorlezen;;;
Wat zie jij op deze pagina?;Voorlezen;;;
We gaan nog even een boekje lezen, en dan ga jij lekker slapen;Voorlezen;;;
We gaan nu echt het laatste verhaaltje lezen.;Voorlezen;;;
Wil je een nieuw boekje kiezen?;Voorlezen;;;
Wil je zelf het boekje vasthouden?;Voorlezen;;;
Zal ik een grappig verhaaltje voorlezen of een spannend verhaal?;Voorlezen;;;
Zullen we samen kijken naar de plaatjes?;Voorlezen;;;
dit is een kalkoen.;Voorlezen;;;
dit is het koetje.;Voorlezen;;;
Het is rupsje Nooitgenoeg!;Voorlezen;;;
Kijk eens wat een leuk boekje.;Voorlezen;;;
Kijk, een eendje.;Voorlezen;;;
oh, heeft mama weer een heel saai boekje uitgekozen?;Voorlezen;;;
Papa gaat even een boekje uitkiezen.;Voorlezen;;;
we doen even dit boekje, maar we doen vanavond de korte versie van dit boekje.;Voorlezen;;;
we doen even een paar bladzijden.;Voorlezen;;;
we gaan eerst nog even een boekje lezen zo.;Voorlezen;;;
Pas op, de brug kan glad zijn!;Waarschuwing;;;
Als je niet luistert, dan stoppen we ermee.;Waarschuwingen;;;
Blijf uit de buurt van de weg.;Waarschuwingen;;;
Dat is echt gevaarlijk!;Waarschuwingen;;;
Dit is niet grappig, dit is serieus.;Waarschuwingen;;;
Doe niet zo wild.;Waarschuwingen;;;
Ga daar niet op klimmen.;Waarschuwingen;;;
Ga niet te ver weg.;Waarschuwingen;;;
Geen gekke dingen doen.;Waarschuwingen;;;
Geen handen in je broek.;Waarschuwingen;;;
Geen handen in je mond.;Waarschuwingen;;;
Geen speelgoed gooien.;Waarschuwingen;;;
Geen spullen kapot maken.;Waarschuwingen;;;
Ik heb echt geen zin om dit nog een keer te zeggen.;Waarschuwingen;;;
Ik meen het serieus.;Waarschuwingen;;;
Ik wil dat je nu stopt met zeuren.;Waarschuwingen;;;
Ik wil niet dat je dat doet.;Waarschuwingen;;;
Jij bent nu echt te ver gegaan.;Waarschuwingen;;;
Kijk waar je loopt.;Waarschuwingen;;;
Laat dat los, dat is niet van jou.;Waarschuwingen;;;
Mama en papa bepalen dat.;Waarschuwingen;;;
Niet aan de stopcontacten zitten.;Waarschuwingen;;;
Niet zomaar dingen aanraken.;Waarschuwingen;;;
Nu is het genoeg geweest.;Waarschuwingen;;;
Pas op dat je niet valt.;Waarschuwingen;;;
Pas op met de schaar.;Waarschuwingen;;;
Stop met schoppen.;Waarschuwingen;;;
Stop met schreeuwen.;Waarschuwingen;;;
Wil je even stil zijn?;Waarschuwingen;;;
Wil je normaal doen?;Waarschuwingen;;;
Wil je nu alsjeblieft luisteren?;Waarschuwingen;;;
Zo is het niet leuk meer.;Waarschuwingen;;;
De wekker is gegaan, tijd om op te staan.;Wakker worden & opstaan;;;
Even rustig wakker worden.;Wakker worden & opstaan;;;
Het is al ochtend, opstaan!;Wakker worden & opstaan;;;
Hup, hup, het is tijd om uit bed te komen.;Wakker worden & opstaan;;;
Ik kom je zo uit bed halen.;Wakker worden & opstaan;;;
Kom je zelf uit bed of moet ik je helpen?;Wakker worden & opstaan;;;
Tijd om de pyjama uit te doen en kleren aan te trekken.;Wakker worden & opstaan;;;
Wat een slaperige oogjes heb jij!;Wakker worden & opstaan;;;
Wat heb jij lekker geslapen zeg!;Wakker worden & opstaan;;;
Wil je een knuffel voordat we opstaan?;Wakker worden & opstaan;;;
Wil je eerst aankleden of eerst ontbijten?;Wakker worden & opstaan;;;
Wil je nog heel even blijven liggen?;Wakker worden & opstaan;;;
De zon is alweer op.;Wakker worden & opstaan;;;
Ga nog maar een uurtje slapen.;Wakker worden & opstaan;;;
Gordijnen open.;Wakker worden & opstaan;;;
Het is al licht buiten.;Wakker worden & opstaan;;;
Het is nog veel te vroeg.;Wakker worden & opstaan;;;
Het is nog vroeg.;Wakker worden & opstaan;;;
Kijk, er is weer een nieuwe dag.;Wakker worden & opstaan;;;
Laat mama maar lekker slapen.;Wakker worden & opstaan;;;
Laten we opstaan.;Wakker worden & opstaan;;;
Sssst, ga nog maar even slapen.;Wakker worden & opstaan;;;
Wat ben je allemaal aan het vertellen?;Wakker worden & opstaan;;;
Wat heb je allemaal meegemaakt in je dromen?;Wakker worden & opstaan;;;
Wat heb je allemaal meegemaakt?;Wakker worden & opstaan;;;
Wel een beetje stil zijn voor mama, maak haar niet wakker.;Wakker worden & opstaan;;;
Wil je daarna misschien weer slapen?;Wakker worden & opstaan;;;
Aha, ik zie nog een vieze plek! Even goed wassen.;Wassen & hygiëne;;;
Daar zit nog zeep, spoel het maar goed af.;Wassen & hygiëne;;;
Dat kriebelt een beetje, hè?;Wassen & hygiëne;;;
Dit doekje is lekker warm.;Wassen & hygiëne;;;
Doe je handen maar onder de kraan.;Wassen & hygiëne;;;
Even goed wrijven, dan worden je handjes helemaal schoon.;Wassen & hygiëne;;;
Even op je tenen staan, dan kan je bij de kraan.;Wassen & hygiëne;;;
Ga maar lekker in het warme water zitten.;Wassen & hygiëne;;;
Hier, een washandje voor je gezicht.;Wassen & hygiëne;;;
Je hebt tandpasta rond je mond, even schoonmaken!;Wassen & hygiëne;;;
Knijp maar een beetje shampoo op je hand.;Wassen & hygiëne;;;
Laat me even voelen of je handen helemaal droog zijn.;Wassen & hygiëne;;;
Mama wast je haren snel, dan ben je zo klaar.;Wassen & hygiëne;;;
Oh oh, je hebt nog zeep in je oren!;Wassen & hygiëne;;;
Ruik eens, hoe lekker deze zeep ruikt!;Wassen & hygiëne;;;
Wat een boel schuim!;Wassen & hygiëne;;;
Wil je lekker veel schuim in bad?;Wassen & hygiëne;;;
Zal ik je helpen je haren goed uit te spoelen?;Wassen & hygiëne;;;
Ben je weer een beetje vies?;Wassen & hygiëne;;;
Even een doekje over je gezicht.;Wassen & hygiëne;;;
Even goed wassen, ook je haartjes.;Wassen & hygiëne;;;
Even je gezichtje een beetje schoonmaken.;Wassen & hygiëne;;;
Even je plakhandjes wassen.;Wassen & hygiëne;;;
even je plakkerige handjes schoonmaken.;Wassen & hygiëne;;;
Even onder je okseltjes.;Wassen & hygiëne;;;
Even tussen je teentjes.;Wassen & hygiëne;;;
Heb je het nog lekker warm?;Wassen & hygiëne;;;
Het is even koud, maar je mag lekker in de handdoek.;Wassen & hygiëne;;;
het moet wel even schoon worden.;Wassen & hygiëne;;;
hup, hup, hup, even snel.;Wassen & hygiëne;;;
Je gaat even lekker in bad.;Wassen & hygiëne;;;
Kleine viespeuk. (liefkozend);Wassen & hygiëne;;;
kom, we gaan even naar de badkamer;Wassen & hygiëne;;;
Laten we jouw vieze handjes maar eens even schoonmaken.;Wassen & hygiëne;;;
Washandje erbij.;Wassen & hygiëne;;;
wauw, kijk Bobby, een badje voor jou.;Wassen & hygiëne;;;
we blijven even in de badkamer, dan kan je al een beetje opdrogen.;Wassen & hygiëne;;;
We gaan weer uit badje.;Wassen & hygiëne;;;
Zullen we jou eens even lekker droog maken?;Wassen & hygiëne;;;
Gaan we jou eerst even helemaal uitkleden.;wassen & hygiëne, Aankleden & Uitkleden;;;
Mag je even in je nakie.;wassen & hygiëne, Aankleden & Uitkleden;;;
Dit siroopje helpt tegen de hoest.;Ziek zijn;;;
Even rustig aan vandaag.;Ziek zijn;;;
Hand voor je mond als je hoest.;Ziek zijn;;;
Je bent een beetje grieperig.;Ziek zijn;;;
Je hebt een snotneus, pak maar een zakdoekje.;Ziek zijn;;;
Je lichaam is een beetje moe.;Ziek zijn;;;
Je voorhoofd voelt een beetje warm aan.;Ziek zijn;;;
Je ziet een beetje bleek, lieverd.;Ziek zijn;;;
Kijk, dit is een zetpil, die helpt snel.;Ziek zijn;;;
Moet je spugen? Dan pakken we een emmertje.;Ziek zijn;;;
We blijven vandaag lekker thuis.;Ziek zijn;;;
We doen even een thermometer onder je arm.;Ziek zijn;;;
Wil je iets eten, of nog even niet?;Ziek zijn;;;
ben je zo verkouden?;Ziek zijn;;;
Heb je buikpijn?;Ziek zijn;;;
heb je ergens pijn?;Ziek zijn;;;
Het duurt maar heel eventjes.;Ziek zijn;;;
het is even niet leuk, maar het wordt wel beter.;Ziek zijn;;;
Het is wel goed voor je.;Ziek zijn;;;
Het moet even beter worden.;Ziek zijn;;;
het spijt me.;Ziek zijn;;;
Ik wil je helpen. ;Ziek zijn;;;
ja, het is ook niet fijn.;Ziek zijn;;;
ja, ik weet het, schatje. ;Ziek zijn;;;
Ja, je voelt je niet lekker.;Ziek zijn;;;
oh, sorry schatje, het spijt me, maar het moet echt even.;Ziek zijn;;;
oh, we gaan even kijken of je koorts hebt. ;Ziek zijn;;;
Ontspan maar.;Ziek zijn;;;
Als je iets niet fijn vindt, mag je dat altijd zeggen.;Ziekenhuis;;;
Je mag zelf aangeven als je iets niet begrijpt.;Ziekenhuis;;;
Kijk, dit pilletje is heel klein, en het helpt tegen de pijn.;Ziekenhuis;;;
Voel maar even aan de zalf, het is zacht en niet eng.;Ziekenhuis;;;
Wil je dat ik erbij blijf?;Ziekenhuis;;;
Je mag het zeggen als je iets spannend vindt.;Ziekenuis, emoties;;;
Als je het koud krijgt, dan zeg je het even.;Zwembad;;;
Blijf goed bij mama in de buurt.;Zwembad;;;
De glijbaan is glad, goed zitten en dan glijden!;Zwembad;;;
Dit bad is ondiep, hier kun je staan.;Zwembad;;;
Doe even je handdoek om, je bibbert een beetje.;Zwembad;;;
Doe je ogen dicht als je onder water gaat.;Zwembad;;;
Even wachten op papa voordat je erin gaat.;Zwembad;;;
Het water is een beetje koud hè?;Zwembad;;;
Kijk goed of er iemand aankomt voordat je in het water springt.;Zwembad;;;
Kijk, daar is de glijbaan! Wil je er vanaf?;Zwembad;;;
Niet te wild spetteren bij andere kindjes.;Zwembad;;;
Probeer maar te drijven, ik houd je vast.;Zwembad;;;
We doen je zwemluier om.;Zwembad;;;
We gaan je badpak uitdoen en droge kleren aantrekken.;Zwembad;;;
We gaan nu douchen en afdrogen.;Zwembad;;;
Wil je via het trapje het water in?;Zwembad;;;